date,topic
2016-01-03 14:27,-1
2016-02-14 21:07,12
2016-02-17 14:49,1
2016-02-28 16:47,5
2016-03-01 19:52,-1
2016-03-12 11:44,10
2016-03-22 12:04,-1
2016-03-23 01:53,0
2016-04-01 14:24,2
2016-05-05 18:57,4
2016-05-22 03:55,4
2016-06-04 04:29,6
2016-06-09 18:22,-1
2016-06-09 20:40,0
2016-06-10 16:49,-1
2016-06-12 15:45,4
2016-06-12 16:43,13
2016-06-12 17:58,13
2016-06-12 20:47,4
2016-06-14 12:28,-1
2016-06-14 17:31,-1
2016-06-21 16:42,0
2016-07-02 21:13,0
2016-07-04 22:30,0
2016-07-05 15:37,0
2016-07-05 15:39,0
2016-07-07 01:34,1
2016-07-08 01:52,0
2016-07-08 11:02,4
2016-07-10 12:02,-1
2016-07-12 17:01,0
2016-07-14 22:40,13
2016-07-15 14:50,-1
2016-07-17 18:26,13
2016-07-19 23:52,-1
2016-07-20 15:36,0
2016-07-21 03:45,5
2016-07-23 10:55,0
2016-07-24 11:56,-1
2016-07-26 02:14,-1
2016-07-26 03:04,-1
2016-07-26 03:19,0
2016-07-26 12:38,2
2016-07-27 13:01,-1
2016-07-27 16:16,0
2016-07-27 22:01,-1
2016-07-28 02:39,-1
2016-07-28 23:13,-1
2016-07-29 03:47,13
2016-07-29 17:53,0
2016-07-31 13:32,0
2016-08-02 10:24,-1
2016-08-02 19:07,-1
2016-08-03 10:23,0
2016-08-05 23:53,0
2016-08-07 01:53,0
2016-08-10 01:11,0
2016-08-10 23:38,1
2016-08-14 16:55,0
2016-08-18 12:11,-1
2016-08-18 20:55,-1
2016-08-20 00:17,12
2016-08-20 01:00,4
2016-08-23 16:15,-1
2016-08-28 23:24,0
2016-08-31 02:33,-1
2016-09-01 00:40,2
2016-09-01 10:31,2
2016-09-02 12:35,5
2016-09-04 23:49,0
2016-09-10 12:47,0
2016-09-10 18:18,0
2016-09-14 03:09,-1
2016-09-19 02:30,-1
2016-09-20 14:23,0
2016-09-23 17:26,-1
2016-09-24 17:08,-1
2016-09-26 22:31,1
2016-09-27 00:47,0
2016-09-27 02:26,0
2016-09-27 02:40,0
2016-09-27 03:58,6
2016-09-27 12:53,0
2016-09-27 13:17,1
2016-09-27 15:47,12
2016-09-30 07:20,1
2016-09-30 09:30,-1
2016-09-30 18:24,0
2016-09-30 18:37,1
2016-10-01 00:52,8
2016-10-02 11:35,8
2016-10-05 02:36,-1
2016-10-06 04:24,-1
2016-10-07 03:03,4
2016-10-08 04:19,6
2016-10-08 14:48,6
2016-10-08 19:40,1
2016-10-09 13:00,-1
2016-10-09 14:12,-1
2016-10-10 01:27,3
2016-10-10 01:29,0
2016-10-10 01:37,0
2016-10-10 02:00,-1
2016-10-10 17:22,15
2016-10-10 19:31,1
2016-10-10 22:31,-1
2016-10-11 12:16,-1
2016-10-11 13:05,-1
2016-10-11 14:00,4
2016-10-11 14:48,0
2016-10-11 15:25,-1
2016-10-11 16:52,-1
2016-10-11 17:43,0
2016-10-11 18:43,6
2016-10-11 23:04,1
2016-10-12 04:04,5
2016-10-12 12:59,0
2016-10-12 13:46,-1
2016-10-12 14:00,-1
2016-10-14 01:18,4
2016-10-15 11:45,0
2016-10-15 12:23,0
2016-10-15 18:29,3
2016-10-16 11:14,1
2016-10-16 11:36,-1
2016-10-16 12:31,-1
2016-10-16 16:07,0
2016-10-16 17:01,-1
2016-10-16 22:29,5
2016-10-17 12:35,-1
2016-10-17 15:24,0
2016-10-17 21:03,0
2016-10-17 22:51,0
2016-10-18 15:36,0
2016-10-19 00:34,0
2016-10-19 00:53,-1
2016-10-19 22:57,0
2016-10-20 02:40,-1
2016-10-20 02:59,-1
2016-10-20 04:18,12
2016-10-20 04:27,1
2016-10-20 07:14,5
2016-10-20 13:27,6
2016-10-20 14:55,0
2016-10-20 19:27,5
2016-10-22 03:33,1
2016-10-23 12:53,0
2016-10-23 14:04,16
2016-10-24 12:00,13
2016-10-24 12:44,1
2016-10-24 14:17,1
2016-10-24 21:50,0
2016-10-25 00:33,7
2016-10-25 18:27,-1
2016-10-26 11:02,15
2016-10-26 21:59,0
2016-10-27 13:01,7
2016-10-28 15:53,0
2016-10-28 19:20,-1
2016-10-29 20:02,4
2016-10-30 13:55,3
2016-10-30 14:04,0
2016-10-30 14:26,0
2016-11-01 10:31,0
2016-11-01 12:01,0
2016-11-01 14:14,-1
2016-11-02 10:35,10
2016-11-02 11:00,15
2016-11-02 12:47,0
2016-11-02 14:37,4
2016-11-02 19:09,0
2016-11-02 23:34,-1
2016-11-03 15:19,15
2016-11-03 20:55,-1
2016-11-04 19:07,-1
2016-11-04 23:31,-1
2016-11-05 13:33,-1
2016-11-06 02:03,5
2016-11-07 04:14,5
2016-11-08 11:43,-1
2016-11-08 16:39,-1
2016-11-08 18:03,-1
2016-11-08 18:23,7
2016-11-08 21:18,10
2016-11-08 21:28,7
2016-11-08 21:31,5
2016-11-08 23:03,7
2016-11-09 02:48,7
2016-11-09 11:36,4
2016-11-10 19:31,4
2016-11-11 02:10,4
2016-11-11 02:19,10
2016-11-11 11:14,-1
2016-11-11 13:33,10
2016-11-11 15:26,4
2016-11-12 15:05,4
2016-11-13 14:16,1
2016-11-13 14:43,1
2016-11-13 15:23,4
2016-11-13 15:28,5
2016-11-13 16:03,14
2016-11-13 18:46,12
2016-11-15 13:34,7
2016-11-15 13:40,7
2016-11-16 02:55,-1
2016-11-16 11:28,1
2016-11-16 12:12,1
2016-11-16 12:17,3
2016-11-16 12:25,1
2016-11-17 12:46,6
2016-11-18 02:01,-1
2016-11-18 02:15,-1
2016-11-18 22:35,4
2016-11-19 13:48,-1
2016-11-19 13:56,-1
2016-11-20 11:22,-1
2016-11-20 13:39,-1
2016-11-21 23:58,9
2016-11-22 02:14,1
2016-11-22 02:22,-1
2016-11-22 17:10,-1
2016-11-23 00:24,4
2016-11-24 02:17,5
2016-11-24 03:30,-1
2016-11-24 15:11,5
2016-11-26 13:08,-1
2016-11-27 00:31,7
2016-11-27 03:59,-1
2016-11-27 12:19,0
2016-11-27 20:30,7
2016-11-28 00:31,7
2016-11-28 14:02,-1
2016-11-29 03:03,1
2016-11-29 11:15,5
2016-11-29 11:34,1
2016-11-29 11:55,-1
2016-11-29 20:08,4
2016-11-30 03:50,5
2016-11-30 11:20,13
2016-12-01 03:48,5
2016-12-03 00:44,4
2016-12-03 01:41,14
2016-12-04 05:13,1
2016-12-04 18:58,7
2016-12-04 22:23,11
2016-12-05 13:53,-1
2016-12-05 16:00,1
2016-12-06 13:52,-1
2016-12-06 19:09,-1
2016-12-07 18:38,4
2016-12-08 21:15,-1
2016-12-10 12:38,4
2016-12-10 14:11,1
2016-12-12 01:02,1
2016-12-12 13:17,0
2016-12-12 23:40,7
2016-12-13 11:43,-1
2016-12-13 11:57,7
2016-12-15 13:09,6
2016-12-15 14:24,0
2016-12-16 11:09,-1
2016-12-16 16:03,4
2016-12-17 13:57,11
2016-12-18 00:59,11
2016-12-18 21:54,-1
2016-12-19 23:21,13
2016-12-19 23:51,1
2016-12-20 13:03,3
2016-12-21 13:29,0
2016-12-22 16:41,-1
2016-12-22 16:50,-1
2016-12-23 01:59,3
2016-12-23 20:14,4
2016-12-23 21:17,13
2016-12-24 00:13,0
2016-12-24 21:33,13
2016-12-24 21:44,-1
2016-12-25 12:46,-1
2016-12-25 17:48,-1
2016-12-26 21:36,13
2016-12-26 21:41,-1
2016-12-26 23:32,-1
2016-12-27 21:52,-1
2016-12-28 03:10,8
2016-12-28 14:07,-1
2016-12-28 14:19,13
2016-12-28 14:25,16
2016-12-30 19:41,0
2016-12-30 22:18,1
2016-12-31 13:17,-1
2017-01-01 05:00,-1
2017-01-02 14:40,-1
2017-01-02 23:05,14
2017-01-02 23:47,14
2017-01-03 12:30,-1
2017-01-03 12:46,15
2017-01-03 17:20,-1
2017-01-03 23:58,-1
2017-01-04 01:14,0
2017-01-04 12:22,0
2017-01-04 13:19,-1
2017-01-05 18:14,-1
2017-01-06 00:24,0
2017-01-06 00:30,0
2017-01-06 00:40,0
2017-01-06 11:19,2
2017-01-06 16:51,0
2017-01-06 19:30,4
2017-01-07 11:56,7
2017-01-07 12:03,0
2017-01-07 15:02,-1
2017-01-07 15:10,-1
2017-01-08 16:46,-1
2017-01-08 18:56,0
2017-01-09 04:05,2
2017-01-09 11:27,-1
2017-01-09 11:36,1
2017-01-09 14:14,-1
2017-01-09 14:16,-1
2017-01-09 22:32,4
2017-01-10 02:20,4
2017-01-11 01:19,0
2017-01-11 12:31,0
2017-01-11 12:44,1
2017-01-11 12:48,1
2017-01-12 04:01,1
2017-01-12 13:50,4
2017-01-12 14:22,1
2017-01-12 17:41,15
2017-01-13 11:05,0
2017-01-13 11:33,15
2017-01-13 17:42,4
2017-01-14 12:50,-1
2017-01-14 13:14,0
2017-01-15 00:22,-1
2017-01-15 01:58,4
2017-01-15 19:00,-1
2017-01-15 22:46,1
2017-01-16 13:54,-1
2017-01-17 13:05,5
2017-01-17 13:11,7
2017-01-17 17:55,-1
2017-01-18 17:33,-1
2017-01-18 22:21,4
2017-01-19 12:52,-1
2017-01-19 13:00,-1
2017-01-19 13:02,-1
2017-01-20 00:40,4
2017-01-20 04:24,4
2017-01-20 12:31,4
2017-01-20 17:51,-1
2017-01-20 17:51,4
2017-01-20 17:52,7
2017-01-20 17:53,4
2017-01-20 17:54,8
2017-01-20 17:54,4
2017-01-20 17:55,-1
2017-01-21 04:56,4
2017-01-21 11:53,-1
2017-01-22 12:47,-1
2017-01-22 12:51,1
2017-01-22 14:23,10
2017-01-23 11:38,-1
2017-01-24 11:11,-1
2017-01-24 16:58,-1
2017-01-24 17:49,-1
2017-01-25 00:46,-1
2017-01-25 02:16,1
2017-01-25 02:25,-1
2017-01-25 02:37,2
2017-01-25 12:10,7
2017-01-25 12:13,7
2017-01-25 12:17,17
2017-01-26 00:03,2
2017-01-26 02:14,-1
2017-01-26 11:04,-1
2017-01-26 13:51,-1
2017-01-26 13:55,2
2017-01-26 23:53,-1
2017-01-27 13:19,2
2017-01-27 16:27,-1
2017-01-27 22:00,-1
2017-01-27 23:46,4
2017-01-28 13:04,1
2017-01-28 15:42,6
2017-01-29 13:00,1
2017-01-29 13:08,2
2017-01-29 15:03,13
2017-01-29 21:45,-1
2017-01-29 21:49,2
2017-01-29 23:39,-1
2017-01-30 12:16,2
2017-01-30 12:20,3
2017-01-30 12:27,13
2017-01-30 13:31,2
2017-01-30 13:43,17
2017-01-30 14:23,-1
2017-01-30 21:07,-1
2017-01-31 00:45,-1
2017-01-31 11:21,3
2017-01-31 11:27,-1
2017-02-01 03:45,17
2017-02-01 12:50,2
2017-02-02 03:06,16
2017-02-02 03:55,2
2017-02-02 11:13,-1
2017-02-02 11:34,16
2017-02-02 11:39,16
2017-02-02 17:29,6
2017-02-03 11:24,10
2017-02-03 11:28,16
2017-02-03 11:34,1
2017-02-03 11:41,-1
2017-02-03 11:48,10
2017-02-03 12:51,13
2017-02-03 23:08,-1
2017-02-04 03:07,11
2017-02-04 12:59,2
2017-02-04 13:06,13
2017-02-04 13:12,2
2017-02-04 14:26,-1
2017-02-04 20:44,2
2017-02-04 21:44,2
2017-02-04 23:37,2
2017-02-05 00:48,2
2017-02-05 20:39,2
2017-02-05 20:42,2
2017-02-05 22:49,5
2017-02-06 03:36,5
2017-02-06 12:01,1
2017-02-06 12:07,1
2017-02-06 16:32,1
2017-02-07 02:49,13
2017-02-07 12:11,-1
2017-02-07 16:25,4
2017-02-08 01:04,-1
2017-02-08 12:03,-1
2017-02-08 15:51,1
2017-02-08 15:54,1
2017-02-08 19:22,-1
2017-02-08 19:39,2
2017-02-08 21:46,2
2017-02-08 22:07,1
2017-02-09 01:05,-1
2017-02-09 11:57,-1
2017-02-09 13:26,-1
2017-02-09 13:52,-1
2017-02-09 23:35,2
2017-02-10 13:35,9
2017-02-10 23:24,-1
2017-02-11 12:12,2
2017-02-11 13:18,2
2017-02-11 23:00,1
2017-02-12 11:34,2
2017-02-12 11:55,13
2017-02-12 12:14,1
2017-02-12 13:04,-1
2017-02-12 13:23,-1
2017-02-12 22:19,-1
2017-02-14 14:28,0
2017-02-14 22:50,15
2017-02-15 11:40,1
2017-02-15 12:08,0
2017-02-15 12:19,0
2017-02-15 12:42,0
2017-02-15 13:13,0
2017-02-15 19:45,5
2017-02-15 23:59,-1
2017-02-16 11:34,8
2017-02-16 12:02,0
2017-02-16 14:10,1
2017-02-16 14:39,0
2017-02-16 23:44,2
2017-02-17 11:43,-1
2017-02-17 21:48,1
2017-02-17 23:15,1
2017-02-18 13:31,1
2017-02-19 21:57,-1
2017-02-20 14:15,-1
2017-02-20 14:33,4
2017-02-21 20:46,-1
2017-02-21 23:23,3
2017-02-22 12:20,12
2017-02-24 00:01,-1
2017-02-24 12:31,0
2017-02-24 12:36,0
2017-02-24 17:04,2
2017-02-25 03:09,1
2017-02-25 12:25,-1
2017-02-25 13:19,-1
2017-02-25 13:27,-1
2017-02-25 21:53,4
2017-02-25 22:02,-1
2017-02-26 11:33,-1
2017-02-26 11:42,1
2017-02-26 18:16,0
2017-03-01 13:38,-1
2017-03-02 11:00,8
2017-03-03 02:22,0
2017-03-03 02:35,7
2017-03-03 02:38,0
2017-03-03 12:19,-1
2017-03-03 17:54,0
2017-03-03 21:02,0
2017-03-03 22:13,-1
2017-03-04 11:26,0
2017-03-04 11:35,-1
2017-03-04 11:42,0
2017-03-04 11:49,-1
2017-03-04 11:52,-1
2017-03-04 12:02,-1
2017-03-04 13:19,1
2017-03-05 11:32,0
2017-03-05 11:40,0
2017-03-05 17:30,4
2017-03-06 21:22,-1
2017-03-06 23:49,8
2017-03-07 03:49,-1
2017-03-07 03:50,-1
2017-03-07 12:04,-1
2017-03-07 13:46,-1
2017-03-07 14:14,1
2017-03-08 11:12,4
2017-03-08 11:13,4
2017-03-08 23:54,6
2017-03-09 17:01,15
2017-03-13 12:52,1
2017-03-14 15:00,-1
2017-03-15 10:55,1
2017-03-15 11:02,-1
2017-03-15 12:14,-1
2017-03-15 23:25,4
2017-03-16 00:03,-1
2017-03-17 13:07,14
2017-03-18 13:15,-1
2017-03-18 13:23,-1
2017-03-20 10:49,0
2017-03-20 12:35,1
2017-03-20 13:14,0
2017-03-23 01:33,13
2017-03-23 12:18,1
2017-03-23 15:16,4
2017-03-24 17:59,-1
2017-03-25 14:37,15
2017-03-25 22:37,4
2017-03-27 01:04,-1
2017-03-28 01:26,0
2017-03-28 01:35,0
2017-03-28 10:36,-1
2017-03-28 22:41,0
2017-03-29 12:21,1
2017-03-31 11:04,-1
2017-04-01 12:43,-1
2017-04-01 13:02,1
2017-04-01 17:02,0
2017-04-02 13:34,0
2017-04-03 00:58,4
2017-04-03 10:15,-1
2017-04-03 11:16,0
2017-04-03 11:21,0
2017-04-03 12:51,0
2017-04-03 16:00,-1
2017-04-06 02:12,-1
2017-04-08 14:54,4
2017-04-08 19:58,17
2017-04-10 21:59,17
2017-04-10 23:56,13
2017-04-11 11:59,14
2017-04-11 12:03,14
2017-04-12 12:22,14
2017-04-12 23:10,-1
2017-04-13 00:32,8
2017-04-13 13:08,14
2017-04-13 13:16,-1
2017-04-16 12:24,-1
2017-04-16 13:13,-1
2017-04-16 13:41,4
2017-04-17 12:17,1
2017-04-17 13:31,2
2017-04-20 13:48,1
2017-04-21 10:32,13
2017-04-21 20:22,-1
2017-04-22 19:01,-1
2017-04-22 21:49,-1
2017-04-25 12:36,2
2017-04-26 10:20,-1
2017-04-26 14:53,4
2017-04-27 11:30,15
2017-04-28 23:26,14
2017-04-29 17:39,1
2017-04-30 12:09,-1
2017-04-30 12:32,15
2017-05-02 13:07,-1
2017-05-03 02:51,0
2017-05-03 03:06,0
2017-05-04 11:02,1
2017-05-07 11:15,0
2017-05-07 19:22,-1
2017-05-08 14:43,0
2017-05-10 02:42,0
2017-05-10 11:10,0
2017-05-10 11:19,0
2017-05-10 19:23,0
2017-05-11 00:14,3
2017-05-11 19:55,-1
2017-05-11 20:34,0
2017-05-12 11:51,0
2017-05-12 11:53,1
2017-05-12 12:07,1
2017-05-12 12:26,0
2017-05-12 12:54,0
2017-05-12 13:20,11
2017-05-14 15:13,4
2017-05-16 01:47,4
2017-05-16 11:03,0
2017-05-16 11:13,13
2017-05-16 12:10,0
2017-05-16 19:38,13
2017-05-18 11:52,0
2017-05-18 14:07,0
2017-05-19 14:24,2
2017-05-20 09:44,13
2017-05-20 15:50,4
2017-05-21 21:51,-1
2017-05-23 12:04,-1
2017-05-23 15:47,13
2017-05-23 15:58,-1
2017-05-24 12:20,4
2017-05-26 20:26,13
2017-05-26 20:39,4
2017-05-27 17:19,-1
2017-05-28 12:34,1
2017-05-29 00:20,1
2017-05-29 12:11,4
2017-05-29 12:35,4
2017-05-30 10:40,-1
2017-05-30 11:04,0
2017-05-30 13:59,15
2017-05-31 10:09,1
2017-05-31 11:14,1
2017-06-01 00:40,0
2017-06-01 11:05,-1
2017-06-01 22:50,-1
2017-06-02 01:00,-1
2017-06-03 23:17,2
2017-06-03 23:24,-1
2017-06-04 11:19,-1
2017-06-04 11:31,-1
2017-06-04 11:43,-1
2017-06-05 10:25,2
2017-06-05 10:44,2
2017-06-05 13:35,-1
2017-06-05 13:49,-1
2017-06-06 01:20,2
2017-06-06 11:58,1
2017-06-06 12:06,13
2017-06-06 12:15,1
2017-06-06 13:36,-1
2017-06-06 13:44,13
2017-06-06 17:47,4
2017-06-07 01:07,4
2017-06-07 11:44,0
2017-06-07 12:17,5
2017-06-09 10:10,0
2017-06-09 22:52,8
2017-06-10 01:38,-1
2017-06-10 20:52,-1
2017-06-11 12:22,-1
2017-06-11 12:23,8
2017-06-11 12:29,0
2017-06-11 12:49,15
2017-06-12 02:14,8
2017-06-12 16:58,4
2017-06-13 10:35,1
2017-06-13 12:45,0
2017-06-13 12:48,1
2017-06-13 13:56,15
2017-06-14 12:48,4
2017-06-14 14:07,4
2017-06-15 01:41,4
2017-06-15 10:55,0
2017-06-15 11:57,0
2017-06-15 19:43,0
2017-06-15 19:56,0
2017-06-16 11:53,0
2017-06-16 12:23,1
2017-06-16 12:54,8
2017-06-16 13:07,-1
2017-06-16 15:12,6
2017-06-17 01:30,-1
2017-06-17 14:08,4
2017-06-18 10:38,8
2017-06-18 10:46,15
2017-06-18 11:02,-1
2017-06-18 21:51,4
2017-06-19 12:27,15
2017-06-20 00:45,15
2017-06-20 09:49,2
2017-06-20 10:02,15
2017-06-20 18:38,14
2017-06-21 02:33,18
2017-06-21 02:41,-1
2017-06-21 03:48,1
2017-06-21 10:32,15
2017-06-22 13:18,0
2017-06-22 13:22,0
2017-06-22 14:01,0
2017-06-22 14:08,0
2017-06-22 14:15,-1
2017-06-22 22:15,2
2017-06-22 23:12,4
2017-06-23 10:39,-1
2017-06-24 00:43,0
2017-06-24 12:51,15
2017-06-24 20:28,0
2017-06-24 20:44,0
2017-06-24 20:50,15
2017-06-24 21:23,-1
2017-06-25 12:00,0
2017-06-26 12:30,15
2017-06-26 12:37,0
2017-06-26 12:59,0
2017-06-26 13:05,0
2017-06-26 18:25,17
2017-06-27 02:24,0
2017-06-27 02:31,-1
2017-06-27 10:33,1
2017-06-27 12:30,1
2017-06-27 12:47,1
2017-06-27 22:22,15
2017-06-27 22:27,15
2017-06-28 10:49,1
2017-06-28 10:58,1
2017-06-29 01:51,-1
2017-06-29 12:27,-1
2017-06-29 12:52,1
2017-06-29 12:58,1
2017-06-29 16:53,2
2017-06-29 21:37,-1
2017-06-29 22:28,-1
2017-06-29 23:10,-1
2017-06-30 01:44,14
2017-06-30 10:37,15
2017-06-30 10:48,-1
2017-06-30 12:55,1
2017-06-30 20:55,14
2017-06-30 22:43,4
2017-07-01 12:59,1
2017-07-01 13:07,7
2017-07-01 13:12,1
2017-07-01 13:20,1
2017-07-01 22:02,1
2017-07-01 22:02,1
2017-07-01 22:08,1
2017-07-01 22:41,1
2017-07-02 04:47,4
2017-07-02 13:21,7
2017-07-02 20:04,1
2017-07-02 23:55,8
2017-07-03 02:13,4
2017-07-03 11:19,-1
2017-07-03 12:10,1
2017-07-03 14:00,4
2017-07-03 20:54,-1
2017-07-03 21:10,-1
2017-07-04 02:19,14
2017-07-04 02:24,14
2017-07-04 10:38,4
2017-07-04 19:49,4
2017-07-04 19:55,-1
2017-07-05 02:19,4
2017-07-05 11:14,11
2017-07-05 11:21,-1
2017-07-06 14:02,4
2017-07-06 16:02,13
2017-07-06 17:21,4
2017-07-06 20:45,13
2017-07-07 06:59,13
2017-07-07 07:40,0
2017-07-07 07:42,-1
2017-07-07 07:44,1
2017-07-07 23:33,-1
2017-07-08 18:17,1
2017-07-08 18:50,10
2017-07-08 18:55,14
2017-07-09 00:29,-1
2017-07-09 11:31,0
2017-07-09 11:37,13
2017-07-09 11:50,0
2017-07-09 11:57,0
2017-07-09 12:06,1
2017-07-09 12:31,0
2017-07-09 12:57,-1
2017-07-09 20:07,15
2017-07-09 20:09,13
2017-07-10 00:45,13
2017-07-10 10:40,0
2017-07-10 10:47,15
2017-07-10 11:31,14
2017-07-10 11:47,1
2017-07-11 10:59,-1
2017-07-11 11:46,-1
2017-07-11 12:09,4
2017-07-11 12:23,13
2017-07-12 10:19,0
2017-07-12 10:32,1
2017-07-12 11:05,13
2017-07-12 13:27,0
2017-07-12 13:39,15
2017-07-12 20:20,11
2017-07-12 23:12,-1
2017-07-12 23:24,2
2017-07-14 22:39,4
2017-07-15 01:34,4
2017-07-15 16:30,8
2017-07-16 10:35,0
2017-07-16 10:51,-1
2017-07-16 11:04,0
2017-07-16 11:15,1
2017-07-17 14:07,0
2017-07-18 02:17,15
2017-07-18 11:58,15
2017-07-18 13:26,-1
2017-07-19 00:53,-1
2017-07-19 00:59,-1
2017-07-19 12:30,15
2017-07-20 20:08,11
2017-07-22 01:46,1
2017-07-22 10:33,0
2017-07-22 10:45,1
2017-07-22 11:44,0
2017-07-22 11:47,0
2017-07-22 12:00,0
2017-07-22 12:17,15
2017-07-22 12:23,15
2017-07-23 00:50,4
2017-07-23 20:09,0
2017-07-23 20:14,15
2017-07-24 00:01,15
2017-07-24 00:23,8
2017-07-24 10:40,-1
2017-07-24 10:52,0
2017-07-24 12:49,0
2017-07-24 13:12,3
2017-07-24 13:18,15
2017-07-25 01:13,4
2017-07-25 10:12,0
2017-07-25 10:21,0
2017-07-25 10:44,4
2017-07-25 10:52,0
2017-07-25 12:16,11
2017-07-26 12:55,-1
2017-07-26 13:04,4
2017-07-26 13:08,4
2017-07-26 17:21,4
2017-07-27 00:01,-1
2017-07-27 11:24,15
2017-07-27 18:37,2
2017-07-28 06:25,15
2017-07-28 20:49,-1
2017-07-29 11:07,-1
2017-07-29 11:20,-1
2017-07-29 11:32,-1
2017-07-29 11:39,15
2017-07-29 11:47,-1
2017-07-29 16:19,15
2017-07-29 16:27,15
2017-07-29 17:04,8
2017-07-29 20:36,-1
2017-07-29 23:15,1
2017-07-29 23:29,11
2017-07-29 23:35,14
2017-07-30 11:37,-1
2017-07-31 12:16,15
2017-07-31 12:28,8
2017-07-31 22:19,4
2017-08-01 12:49,8
2017-08-01 13:55,1
2017-08-02 18:29,2
2017-08-03 01:29,1
2017-08-03 12:12,-1
2017-08-03 12:18,-1
2017-08-04 10:02,-1
2017-08-04 12:45,8
2017-08-05 16:00,8
2017-08-05 22:36,9
2017-08-05 22:44,14
2017-08-05 22:58,0
2017-08-05 23:14,14
2017-08-06 13:15,-1
2017-08-07 01:18,1
2017-08-07 01:22,14
2017-08-07 10:58,1
2017-08-07 11:47,-1
2017-08-07 11:52,-1
2017-08-07 18:03,4
2017-08-07 20:15,14
2017-08-07 20:48,-1
2017-08-08 11:17,14
2017-08-08 18:00,0
2017-08-08 18:10,1
2017-08-09 11:56,-1
2017-08-09 12:03,-1
2017-08-09 18:14,15
2017-08-09 21:36,-1
2017-08-10 10:54,15
2017-08-10 16:40,15
2017-08-10 20:18,4
2017-08-10 23:51,-1
2017-08-11 11:29,14
2017-08-12 17:19,10
2017-08-12 20:23,10
2017-08-12 21:19,-1
2017-08-12 22:50,4
2017-08-12 23:25,4
2017-08-14 10:54,11
2017-08-14 12:54,-1
2017-08-14 22:29,1
2017-08-15 03:06,4
2017-08-15 15:21,-1
2017-08-16 10:12,-1
2017-08-16 11:39,14
2017-08-16 12:39,-1
2017-08-16 17:14,-1
2017-08-16 21:35,4
2017-08-17 10:19,0
2017-08-17 10:32,1
2017-08-17 10:56,0
2017-08-17 13:07,-1
2017-08-17 13:15,-1
2017-08-17 13:21,10
2017-08-17 18:00,13
2017-08-17 18:45,13
2017-08-18 12:31,2
2017-08-18 12:55,3
2017-08-18 13:06,13
2017-08-18 14:09,4
2017-08-19 04:59,4
2017-08-19 11:33,0
2017-08-19 17:47,1
2017-08-19 19:22,10
2017-08-19 20:41,-1
2017-08-19 20:41,-1
2017-08-20 23:22,1
2017-08-21 03:01,4
2017-08-21 13:32,1
2017-08-22 03:20,4
2017-08-23 00:20,5
2017-08-23 05:32,1
2017-08-23 13:20,5
2017-08-23 13:40,1
2017-08-23 13:50,-1
2017-08-24 12:19,15
2017-08-24 13:07,1
2017-08-24 13:15,0
2017-08-24 13:42,15
2017-08-25 10:40,-1
2017-08-25 22:12,-1
2017-08-26 01:46,-1
2017-08-26 02:00,-1
2017-08-26 22:57,-1
2017-08-27 12:59,-1
2017-08-27 13:44,2
2017-08-27 13:51,-1
2017-08-27 23:01,-1
2017-08-29 12:10,-1
2017-08-30 13:12,-1
2017-08-30 13:27,6
2017-08-30 19:38,-1
2017-08-31 01:00,4
2017-08-31 20:06,-1
2017-09-01 11:56,0
2017-09-01 12:58,-1
2017-09-01 19:47,4
2017-09-02 00:03,-1
2017-09-02 13:58,4
2017-09-02 16:56,-1
2017-09-03 01:55,-1
2017-09-03 03:02,4
2017-09-03 05:17,4
2017-09-03 11:30,14
2017-09-03 11:39,14
2017-09-03 11:46,14
2017-09-03 16:07,14
2017-09-03 16:14,14
2017-09-04 16:38,-1
2017-09-05 02:49,6
2017-09-05 12:04,2
2017-09-05 12:36,14
2017-09-05 20:45,2
2017-09-06 00:38,2
2017-09-06 19:26,-1
2017-09-07 13:42,2
2017-09-08 00:57,-1
2017-09-08 12:37,4
2017-09-08 12:57,15
2017-09-08 15:02,6
2017-09-09 00:56,-1
2017-09-10 02:56,4
2017-09-11 18:02,6
2017-09-11 18:35,-1
2017-09-12 12:56,1
2017-09-12 13:11,-1
2017-09-12 20:12,-1
2017-09-13 11:28,15
2017-09-13 12:36,15
2017-09-14 02:47,0
2017-09-14 02:52,0
2017-09-14 10:20,2
2017-09-14 10:28,-1
2017-09-14 19:31,15
2017-09-15 10:42,13
2017-09-15 10:48,13
2017-09-15 10:54,2
2017-09-15 11:00,13
2017-09-15 11:20,1
2017-09-15 13:00,2
2017-09-15 16:49,4
2017-09-15 23:54,4
2017-09-17 11:53,14
2017-09-17 12:28,6
2017-09-19 04:18,-1
2017-09-19 17:22,-1
2017-09-19 19:09,4
2017-09-19 20:05,-1
2017-09-20 02:23,-1
2017-09-20 02:41,1
2017-09-20 10:40,14
2017-09-20 23:07,15
2017-09-21 17:58,14
2017-09-21 22:26,-1
2017-09-22 10:28,14
2017-09-22 10:44,1
2017-09-22 11:26,-1
2017-09-23 10:42,15
2017-09-23 12:45,4
2017-09-23 18:11,-1
2017-09-23 18:18,-1
2017-09-23 21:16,4
2017-09-23 21:59,14
2017-09-23 22:20,-1
2017-09-23 22:25,-1
2017-09-24 03:08,14
2017-09-24 10:44,-1
2017-09-24 11:13,-1
2017-09-24 18:20,-1
2017-09-24 18:24,4
2017-09-24 19:32,4
2017-09-24 22:25,-1
2017-09-24 23:49,2
2017-09-25 11:25,-1
2017-09-25 11:31,-1
2017-09-25 11:39,-1
2017-09-25 13:02,6
2017-09-25 22:28,-1
2017-09-25 22:29,-1
2017-09-26 01:24,15
2017-09-26 10:28,-1
2017-09-26 10:35,-1
2017-09-26 13:06,-1
2017-09-27 01:15,-1
2017-09-27 13:36,1
2017-09-27 13:41,8
2017-09-28 14:01,-1
2017-09-29 02:22,8
2017-09-30 11:19,10
2017-09-30 11:48,1
2017-09-30 11:55,-1
2017-09-30 12:07,1
2017-09-30 19:19,-1
2017-09-30 19:57,-1
2017-09-30 22:26,-1
2017-09-30 22:46,1
2017-10-01 02:08,-1
2017-10-01 12:22,-1
2017-10-01 14:30,-1
2017-10-01 19:01,-1
2017-10-02 11:11,4
2017-10-03 11:40,4
2017-10-04 11:29,1
2017-10-04 14:47,1
2017-10-04 15:18,1
2017-10-04 23:36,5
2017-10-05 01:08,4
2017-10-05 10:59,1
2017-10-05 11:09,8
2017-10-05 11:50,1
2017-10-06 01:58,-1
2017-10-07 12:04,1
2017-10-08 18:16,-1
2017-10-08 20:51,16
2017-10-08 23:37,-1
2017-10-09 10:50,14
2017-10-09 11:05,-1
2017-10-10 01:51,-1
2017-10-10 10:13,-1
2017-10-10 10:18,2
2017-10-10 10:30,15
2017-10-10 10:42,1
2017-10-11 10:21,8
2017-10-11 10:36,2
2017-10-11 10:47,-1
2017-10-11 13:45,1
2017-10-11 13:55,1
2017-10-11 19:49,4
2017-10-12 00:09,1
2017-10-13 00:12,1
2017-10-13 11:51,-1
2017-10-13 17:07,4
2017-10-14 01:10,15
2017-10-14 11:18,15
2017-10-14 11:27,15
2017-10-16 12:49,3
2017-10-16 12:54,8
2017-10-16 12:57,8
2017-10-16 13:12,0
2017-10-16 23:32,5
2017-10-17 23:03,2
2017-10-18 02:21,4
2017-10-18 10:21,0
2017-10-18 10:27,0
2017-10-18 10:56,0
2017-10-18 11:06,-1
2017-10-18 11:25,3
2017-10-18 20:42,-1
2017-10-18 22:19,4
2017-10-19 03:03,1
2017-10-19 11:17,0
2017-10-19 11:56,0
2017-10-19 12:21,0
2017-10-20 02:53,1
2017-10-20 10:31,13
2017-10-21 12:07,-1
2017-10-21 12:35,0
2017-10-21 13:14,-1
2017-10-21 19:59,0
2017-10-21 20:06,1
2017-10-21 21:21,0
2017-10-22 12:02,3
2017-10-22 12:08,1
2017-10-23 11:42,15
2017-10-23 11:53,-1
2017-10-24 12:13,16
2017-10-24 14:35,8
2017-10-25 11:21,0
2017-10-25 11:35,-1
2017-10-25 19:56,-1
2017-10-26 15:05,-1
2017-10-27 11:38,-1
2017-10-27 13:33,0
2017-10-28 02:13,0
2017-10-28 12:22,8
2017-10-28 12:28,1
2017-10-28 22:19,1
2017-10-28 23:15,-1
2017-10-29 13:53,0
2017-10-29 14:02,0
2017-10-29 14:09,0
2017-10-29 14:17,3
2017-10-29 14:48,15
2017-10-30 11:37,0
2017-10-30 14:25,0
2017-10-30 14:28,0
2017-10-31 21:30,-1
2017-10-31 22:31,13
2017-10-31 22:57,4
2017-11-01 01:26,2
2017-11-01 11:24,2
2017-11-01 11:30,2
2017-11-01 11:40,-1
2017-11-01 15:03,15
2017-11-01 23:03,2
2017-11-02 02:19,2
2017-11-02 03:43,-1
2017-11-03 00:05,15
2017-11-03 00:39,0
2017-11-03 00:48,0
2017-11-03 01:26,0
2017-11-03 10:51,1
2017-11-03 10:57,0
2017-11-03 11:03,0
2017-11-03 11:11,0
2017-11-03 11:48,0
2017-11-03 11:55,0
2017-11-03 16:09,-1
2017-11-03 16:54,13
2017-11-04 07:08,4
2017-11-04 12:35,8
2017-11-04 12:49,-1
2017-11-05 06:25,-1
2017-11-05 20:06,4
2017-11-06 04:48,4
2017-11-06 13:09,-1
2017-11-06 21:12,-1
2017-11-06 23:03,-1
2017-11-06 23:05,11
2017-11-07 10:25,14
2017-11-08 01:40,-1
2017-11-08 15:15,-1
2017-11-08 18:17,7
2017-11-09 07:08,4
2017-11-09 13:58,11
2017-11-09 23:39,11
2017-11-10 12:57,4
2017-11-11 12:11,4
2017-11-12 00:18,-1
2017-11-12 00:43,0
2017-11-12 00:48,14
2017-11-13 12:33,6
2017-11-14 06:23,-1
2017-11-14 17:39,-1
2017-11-15 10:45,1
2017-11-15 15:11,-1
2017-11-16 02:11,15
2017-11-16 12:43,14
2017-11-17 03:06,-1
2017-11-17 03:15,1
2017-11-17 11:00,15
2017-11-17 15:03,2
2017-11-18 00:47,4
2017-11-18 13:31,0
2017-11-19 17:42,11
2017-11-19 23:36,11
2017-11-20 01:29,2
2017-11-20 11:25,-1
2017-11-22 10:25,11
2017-11-22 10:33,11
2017-11-22 10:48,-1
2017-11-22 21:32,4
2017-11-23 11:28,8
2017-11-23 11:44,-1
2017-11-23 15:35,-1
2017-11-23 23:18,15
2017-11-24 04:42,-1
2017-11-24 15:27,13
2017-11-24 18:49,13
2017-11-24 22:40,-1
2017-11-25 22:37,1
2017-11-25 23:25,1
2017-11-26 13:52,-1
2017-11-26 14:33,-1
2017-11-26 21:29,0
2017-11-27 14:04,1
2017-11-28 12:45,-1
2017-11-28 13:00,4
2017-11-28 14:17,2
2017-11-29 01:45,14
2017-11-29 02:45,0
2017-11-29 12:16,1
2017-11-29 14:14,1
2017-11-29 14:40,14
2017-11-30 01:02,13
2017-11-30 01:03,0
2017-11-30 01:09,15
2017-11-30 02:00,0
2017-11-30 02:23,-1
2017-11-30 15:46,8
2017-12-01 00:36,-1
2017-12-01 00:42,-1
2017-12-01 03:30,2
2017-12-01 11:03,2
2017-12-01 11:13,-1
2017-12-01 20:08,1
2017-12-02 12:54,15
2017-12-02 17:14,-1
2017-12-02 21:07,-1
2017-12-03 02:06,0
2017-12-03 02:13,0
2017-12-03 02:22,1
2017-12-03 11:15,0
2017-12-03 12:27,-1
2017-12-03 12:42,0
2017-12-03 13:00,0
2017-12-03 13:15,1
2017-12-03 13:36,0
2017-12-04 11:17,-1
2017-12-04 12:00,-1
2017-12-04 12:35,0
2017-12-06 15:00,-1
2017-12-06 21:14,13
2017-12-07 15:04,4
2017-12-07 16:16,4
2017-12-08 05:41,-1
2017-12-08 15:06,-1
2017-12-08 15:18,-1
2017-12-09 04:46,-1
2017-12-09 13:02,1
2017-12-09 13:21,1
2017-12-09 22:01,-1
2017-12-09 23:14,-1
2017-12-10 02:17,-1
2017-12-10 13:30,8
2017-12-10 13:35,15
2017-12-10 21:18,1
2017-12-11 14:17,1
2017-12-12 12:10,0
2017-12-12 13:03,3
2017-12-12 14:09,-1
2017-12-12 14:23,8
2017-12-13 04:08,-1
2017-12-13 13:02,1
2017-12-13 14:45,-1
2017-12-14 17:05,-1
2017-12-14 20:35,8
2017-12-15 21:58,4
2017-12-16 14:52,-1
2017-12-17 17:01,15
2017-12-18 11:23,-1
2017-12-18 18:41,-1
2017-12-18 20:19,4
2017-12-18 22:25,8
2017-12-19 11:04,8
2017-12-19 15:07,-1
2017-12-19 20:18,-1
2017-12-20 06:09,15
2017-12-20 14:32,15
2017-12-20 16:39,-1
2017-12-20 18:09,-1
2017-12-20 21:44,4
2017-12-21 12:24,-1
2017-12-21 12:45,1
2017-12-21 13:56,8
2017-12-21 14:52,-1
2017-12-22 12:47,15
2017-12-22 13:05,8
2017-12-22 14:17,-1
2017-12-22 15:04,-1
2017-12-22 15:07,15
2017-12-22 16:46,15
2017-12-22 20:47,14
2017-12-22 22:11,15
2017-12-23 20:27,0
2017-12-23 20:30,0
2017-12-23 22:44,8
2017-12-24 12:25,0
2017-12-24 13:48,1
2017-12-24 20:35,15
2017-12-25 02:56,-1
2017-12-25 03:51,-1
2017-12-25 13:36,-1
2017-12-25 23:33,-1
2017-12-26 11:58,15
2017-12-26 13:24,0
2017-12-26 22:17,-1
2017-12-27 23:11,4
2017-12-28 02:09,13
2017-12-28 02:46,0
2017-12-28 16:18,8
2017-12-28 16:24,14
2017-12-28 19:20,-1
2017-12-29 00:01,-1
2017-12-29 12:46,1
2017-12-29 13:04,-1
2017-12-29 13:16,2
2017-12-30 03:42,16
2017-12-30 19:00,16
2017-12-30 19:02,16
2017-12-30 22:36,1
2017-12-30 22:42,-1
2017-12-31 13:03,16
2017-12-31 13:36,15
2017-12-31 18:36,4
2017-12-31 19:06,-1
2017-12-31 22:00,16
2017-12-31 22:18,-1
2017-12-31 23:43,-1
2018-01-01 12:12,-1
2018-01-01 12:44,16
2018-01-02 12:09,16
2018-01-02 12:48,0
2018-01-02 15:16,2
2018-01-02 22:37,-1
2018-01-02 22:37,13
2018-01-03 00:49,14
2018-01-03 01:05,1
2018-01-03 04:03,-1
2018-01-03 13:37,16
2018-01-04 02:07,8
2018-01-04 02:11,8
2018-01-04 02:13,-1
2018-01-04 11:02,7
2018-01-04 11:11,7
2018-01-04 11:32,14
2018-01-04 11:37,-1
2018-01-04 15:48,8
2018-01-04 23:53,2
2018-01-05 00:11,4
2018-01-05 03:52,1
2018-01-05 04:04,8
2018-01-05 11:35,8
2018-01-05 14:32,0
2018-01-06 04:19,-1
2018-01-06 04:32,-1
2018-01-06 11:49,-1
2018-01-06 11:57,1
2018-01-06 12:19,0
2018-01-06 12:27,-1
2018-01-06 12:30,-1
2018-01-07 14:33,2
2018-01-07 14:40,1
2018-01-07 15:15,1
2018-01-07 20:35,1
2018-01-07 20:42,8
2018-01-08 03:24,-1
2018-01-08 14:20,-1
2018-01-08 22:59,-1
2018-01-08 23:19,-1
2018-01-09 17:11,4
2018-01-09 23:07,4
2018-01-10 00:16,2
2018-01-10 14:11,2
2018-01-10 15:00,-1
2018-01-10 15:14,0
2018-01-10 23:37,-1
2018-01-11 04:29,-1
2018-01-11 11:33,0
2018-01-11 11:43,8
2018-01-12 02:43,-1
2018-01-12 02:49,-1
2018-01-12 02:53,-1
2018-01-12 03:01,3
2018-01-12 04:42,2
2018-01-12 04:57,-1
2018-01-12 11:59,2
2018-01-12 12:09,2
2018-01-12 12:20,2
2018-01-12 12:28,2
2018-01-12 12:50,2
2018-01-12 13:48,14
2018-01-12 17:56,4
2018-01-13 13:13,-1
2018-01-13 13:14,-1
2018-01-13 13:14,2
2018-01-13 14:20,2
2018-01-13 22:08,1
2018-01-14 12:58,14
2018-01-14 13:09,2
2018-01-14 13:19,2
2018-01-14 13:50,8
2018-01-14 13:59,-1
2018-01-15 12:57,2
2018-01-15 13:02,-1
2018-01-15 20:28,2
2018-01-16 13:54,2
2018-01-16 14:07,2
2018-01-16 14:19,1
2018-01-16 14:30,-1
2018-01-16 19:43,4
2018-01-16 23:19,1
2018-01-16 23:20,2
2018-01-17 23:28,-1
2018-01-17 23:32,-1
2018-01-18 01:00,1
2018-01-18 01:05,1
2018-01-18 01:11,8
2018-01-18 11:15,2
2018-01-18 11:25,2
2018-01-18 13:16,2
2018-01-18 13:49,-1
2018-01-18 21:04,4
2018-01-18 23:39,-1
2018-01-19 12:04,2
2018-01-19 18:39,4
2018-01-19 20:53,-1
2018-01-20 02:28,2
2018-01-20 11:17,2
2018-01-20 11:33,-1
2018-01-20 11:44,2
2018-01-20 11:47,-1
2018-01-20 14:27,2
2018-01-20 18:51,4
2018-01-20 22:31,8
2018-01-21 00:47,0
2018-01-21 12:35,2
2018-01-22 01:21,-1
2018-01-22 13:07,2
2018-01-22 13:15,-1
2018-01-22 15:13,3
2018-01-23 04:30,2
2018-01-23 11:31,1
2018-01-23 11:55,0
2018-01-23 13:34,2
2018-01-23 14:16,-1
2018-01-24 03:54,0
2018-01-24 04:07,-1
2018-01-24 11:58,8
2018-01-24 20:26,4
2018-01-25 00:27,8
2018-01-25 22:38,4
2018-01-26 17:12,8
2018-01-26 17:16,2
2018-01-26 23:27,6
2018-01-27 11:55,2
2018-01-27 19:30,13
2018-01-27 22:59,13
2018-01-28 03:58,2
2018-01-28 04:08,2
2018-01-28 13:18,-1
2018-01-28 13:18,-1
2018-01-31 02:00,6
2018-02-01 11:43,2
2018-02-01 11:51,2
2018-02-01 12:02,1
2018-02-02 03:32,2
2018-02-02 11:33,0
2018-02-02 11:49,0
2018-02-02 18:05,8
2018-02-03 14:40,0
2018-02-03 14:40,-1
2018-02-04 00:26,0
2018-02-04 00:40,0
2018-02-04 00:53,0
2018-02-04 16:58,4
2018-02-05 03:54,5
2018-02-05 12:11,15
2018-02-05 12:17,1
2018-02-05 12:39,3
2018-02-05 14:36,2
2018-02-05 15:08,4
2018-02-05 20:42,-1
2018-02-06 13:32,2
2018-02-06 13:37,4
2018-02-06 16:00,2
2018-02-06 16:05,2
2018-02-06 22:45,-1
2018-02-07 00:48,4
2018-02-07 03:05,-1
2018-02-07 14:59,8
2018-02-07 16:10,0
2018-02-07 22:36,2
2018-02-08 17:13,4
2018-02-08 20:10,4
2018-02-08 23:26,2
2018-02-09 03:22,0
2018-02-09 13:39,-1
2018-02-09 13:47,2
2018-02-09 13:59,2
2018-02-10 14:20,0
2018-02-10 15:20,0
2018-02-10 15:33,3
2018-02-10 18:16,0
2018-02-10 18:34,0
2018-02-10 18:50,2
2018-02-10 21:18,4
2018-02-10 23:34,2
2018-02-11 18:21,1
2018-02-11 19:15,8
2018-02-11 20:26,-1
2018-02-12 12:46,-1
2018-02-13 10:43,2
2018-02-13 10:52,2
2018-02-14 20:50,4
2018-02-14 20:55,4
2018-02-15 12:12,4
2018-02-15 14:57,2
2018-02-15 17:33,4
2018-02-15 19:25,2
2018-02-16 14:37,5
2018-02-16 14:49,2
2018-02-16 20:18,0
2018-02-17 04:53,4
2018-02-17 19:04,4
2018-02-17 19:26,0
2018-02-17 19:36,-1
2018-02-17 19:46,0
2018-02-17 20:11,1
2018-02-17 23:45,2
2018-02-18 04:08,0
2018-02-18 04:22,0
2018-02-18 12:02,16
2018-02-18 12:22,0
2018-02-18 12:33,0
2018-02-18 12:43,3
2018-02-18 13:11,0
2018-02-18 13:46,1
2018-02-18 13:55,-1
2018-02-19 04:28,1
2018-02-19 13:42,4
2018-02-19 19:55,0
2018-02-20 02:29,8
2018-02-20 12:46,0
2018-02-20 13:11,17
2018-02-20 15:16,1
2018-02-20 15:29,1
2018-02-21 01:08,1
2018-02-21 01:14,-1
2018-02-21 14:22,-1
2018-02-21 14:40,0
2018-02-21 21:12,4
2018-02-22 01:40,4
2018-02-22 12:26,4
2018-02-22 12:40,-1
2018-02-22 12:54,4
2018-02-22 13:05,-1
2018-02-22 13:13,8
2018-02-22 14:31,-1
2018-02-22 14:53,4
2018-02-22 16:29,4
2018-02-22 20:07,4
2018-02-23 01:26,1
2018-02-23 11:28,2
2018-02-23 13:07,14
2018-02-23 13:09,2
2018-02-23 17:08,-1
2018-02-23 17:12,4
2018-02-23 22:46,4
2018-02-24 13:21,-1
2018-02-24 18:54,-1
2018-02-24 20:16,17
2018-02-24 21:18,2
2018-02-24 22:26,-1
2018-02-24 23:16,0
2018-02-24 23:20,0
2018-02-24 23:44,0
2018-02-25 00:56,3
2018-02-27 11:59,0
2018-02-27 12:45,0
2018-02-27 12:49,-1
2018-02-27 18:11,5
2018-02-28 04:28,2
2018-02-28 12:02,-1
2018-02-28 12:29,2
2018-02-28 14:08,2
2018-02-28 14:34,0
2018-02-28 17:10,4
2018-03-01 12:12,-1
2018-03-02 03:04,-1
2018-03-02 10:50,11
2018-03-02 11:07,1
2018-03-02 13:01,-1
2018-03-02 13:57,11
2018-03-02 19:48,-1
2018-03-03 14:15,-1
2018-03-03 17:33,1
2018-03-03 17:43,11
2018-03-03 17:53,11
2018-03-04 17:42,4
2018-03-05 00:10,11
2018-03-05 11:47,-1
2018-03-05 11:53,2
2018-03-05 13:22,0
2018-03-05 20:37,2
2018-03-06 12:55,1
2018-03-06 13:25,-1
2018-03-06 13:46,2
2018-03-06 14:11,14
2018-03-07 11:40,8
2018-03-07 15:10,11
2018-03-07 15:38,11
2018-03-08 12:38,-1
2018-03-09 01:08,14
2018-03-09 16:47,-1
2018-03-09 22:48,-1
2018-03-10 00:42,14
2018-03-10 15:52,4
2018-03-10 16:15,-1
2018-03-10 18:38,14
2018-03-10 20:02,14
2018-03-10 21:29,11
2018-03-11 01:37,5
2018-03-11 13:41,1
2018-03-11 13:50,0
2018-03-11 14:02,1
2018-03-11 14:49,-1
2018-03-11 15:16,-1
2018-03-12 14:12,4
2018-03-13 00:49,0
2018-03-13 12:44,-1
2018-03-13 15:24,2
2018-03-13 15:27,-1
2018-03-13 22:23,2
2018-03-14 00:34,4
2018-03-14 13:02,-1
2018-03-14 21:25,4
2018-03-15 23:10,4
2018-03-16 14:40,4
2018-03-17 04:08,0
2018-03-17 17:11,0
2018-03-17 17:34,0
2018-03-18 00:12,0
2018-03-18 12:02,0
2018-03-18 12:22,0
2018-03-18 12:35,0
2018-03-19 13:07,-1
2018-03-20 00:28,2
2018-03-20 15:36,11
2018-03-21 10:28,4
2018-03-21 11:11,0
2018-03-21 11:29,0
2018-03-21 18:56,0
2018-03-21 19:05,14
2018-03-22 03:00,-1
2018-03-22 03:04,2
2018-03-22 10:19,12
2018-03-22 10:40,1
2018-03-22 22:26,-1
2018-03-23 10:07,0
2018-03-23 12:55,2
2018-03-23 23:01,-1
2018-03-24 16:40,13
2018-03-25 10:10,13
2018-03-25 10:33,-1
2018-03-25 10:42,2
2018-03-25 11:49,-1
2018-03-26 03:26,-1
2018-03-26 11:05,8
2018-03-26 12:38,1
2018-03-27 00:44,11
2018-03-28 09:52,17
2018-03-28 10:05,14
2018-03-28 10:16,14
2018-03-28 16:18,-1
2018-03-28 19:47,2
2018-03-29 11:57,-1
2018-03-29 19:58,8
2018-03-29 20:06,11
2018-03-30 20:24,-1
2018-03-31 12:45,-1
2018-03-31 12:52,-1
2018-03-31 12:53,-1
2018-04-01 12:27,-1
2018-04-01 13:56,2
2018-04-01 14:25,2
2018-04-01 14:28,2
2018-04-02 11:02,2
2018-04-02 11:10,2
2018-04-02 11:17,2
2018-04-02 13:08,2
2018-04-02 13:28,1
2018-04-02 13:35,-1
2018-04-02 13:58,0
2018-04-03 00:00,2
2018-04-03 00:12,2
2018-04-03 00:24,-1
2018-04-03 00:34,-1
2018-04-03 02:03,4
2018-04-03 10:34,1
2018-04-03 10:49,2
2018-04-03 11:08,-1
2018-04-03 13:55,-1
2018-04-03 19:59,2
2018-04-03 21:49,4
2018-04-04 11:19,2
2018-04-04 11:22,11
2018-04-04 13:20,11
2018-04-04 14:50,4
2018-04-04 15:05,-1
2018-04-04 23:08,-1
2018-04-05 11:40,2
2018-04-05 13:10,9
2018-04-06 11:11,-1
2018-04-06 14:32,11
2018-04-06 14:46,1
2018-04-06 20:23,-1
2018-04-07 17:35,4
2018-04-07 18:03,11
2018-04-07 18:11,2
2018-04-07 20:52,0
2018-04-07 21:00,0
2018-04-07 22:42,4
2018-04-08 00:03,5
2018-04-08 11:27,0
2018-04-08 11:58,1
2018-04-08 12:12,11
2018-04-08 13:00,13
2018-04-08 13:12,13
2018-04-09 10:03,11
2018-04-09 19:17,2
2018-04-10 11:07,-1
2018-04-10 11:08,-1
2018-04-10 13:30,4
2018-04-10 18:30,11
2018-04-11 10:57,13
2018-04-11 11:37,-1
2018-04-11 13:00,0
2018-04-12 10:03,1
2018-04-12 10:15,13
2018-04-12 16:46,0
2018-04-12 19:03,-1
2018-04-13 11:44,2
2018-04-13 12:01,0
2018-04-13 12:17,0
2018-04-13 16:21,8
2018-04-13 19:36,0
2018-04-14 01:31,-1
2018-04-14 12:21,13
2018-04-14 12:29,-1
2018-04-15 11:42,0
2018-04-15 11:57,0
2018-04-15 12:08,0
2018-04-15 12:19,1
2018-04-15 12:32,0
2018-04-15 12:56,-1
2018-04-15 13:07,0
2018-04-15 14:44,-1
2018-04-16 12:25,0
2018-04-16 12:31,11
2018-04-17 12:24,-1
2018-04-17 17:59,-1
2018-04-18 02:32,13
2018-04-18 02:49,11
2018-04-18 09:59,-1
2018-04-18 10:42,14
2018-04-18 12:05,0
2018-04-18 16:30,13
2018-04-19 15:23,-1
2018-04-19 15:48,-1
2018-04-19 20:21,-1
2018-04-19 20:27,-1
2018-04-19 20:31,-1
2018-04-19 22:30,-1
2018-04-19 22:46,0
2018-04-20 03:37,0
2018-04-20 10:34,-1
2018-04-20 10:43,-1
2018-04-20 10:50,-1
2018-04-20 10:57,-1
2018-04-20 20:25,1
2018-04-20 22:50,14
2018-04-20 23:19,0
2018-04-21 03:13,0
2018-04-21 03:22,14
2018-04-21 18:52,0
2018-04-21 19:02,0
2018-04-21 19:24,0
2018-04-21 20:13,1
2018-04-21 22:30,0
2018-04-22 12:22,0
2018-04-22 12:50,14
2018-04-22 13:02,14
2018-04-22 17:23,-1
2018-04-22 18:43,14
2018-04-22 20:04,0
2018-04-23 13:15,-1
2018-04-23 13:44,2
2018-04-23 13:51,2
2018-04-23 20:08,8
2018-04-24 20:18,4
2018-04-25 11:53,-1
2018-04-25 19:33,6
2018-04-25 21:18,6
2018-04-26 23:39,-1
2018-04-27 10:26,0
2018-04-27 10:41,14
2018-04-27 10:55,14
2018-04-27 11:23,-1
2018-04-27 11:50,14
2018-04-27 13:11,-1
2018-04-27 13:28,-1
2018-04-27 14:14,0
2018-04-28 02:04,0
2018-04-28 12:07,0
2018-04-28 12:15,-1
2018-04-28 12:58,1
2018-04-28 13:45,14
2018-04-28 13:54,-1
2018-04-28 19:11,-1
2018-04-29 11:21,5
2018-04-29 11:45,1
2018-04-29 11:54,1
2018-04-30 02:38,1
2018-04-30 02:59,14
2018-04-30 12:10,1
2018-04-30 12:19,14
2018-04-30 18:54,-1
2018-04-30 22:38,2
2018-04-30 22:39,-1
2018-04-30 22:49,1
2018-04-30 23:02,1
2018-05-01 10:47,0
2018-05-01 11:00,11
2018-05-01 11:34,-1
2018-05-01 19:42,4
2018-05-02 11:45,0
2018-05-02 13:33,0
2018-05-02 14:45,7
2018-05-02 20:27,4
2018-05-02 22:40,14
2018-05-03 00:53,-1
2018-05-03 11:00,-1
2018-05-04 10:22,2
2018-05-04 10:28,8
2018-05-04 10:45,1
2018-05-04 13:27,-1
2018-05-04 20:37,4
2018-05-04 21:58,2
2018-05-04 21:59,2
2018-05-04 22:56,-1
2018-05-05 00:17,5
2018-05-07 11:04,-1
2018-05-07 11:27,0
2018-05-07 11:39,0
2018-05-07 13:29,0
2018-05-07 13:35,0
2018-05-07 14:08,16
2018-05-07 18:44,16
2018-05-08 11:09,-1
2018-05-08 11:30,16
2018-05-08 18:52,16
2018-05-08 22:11,16
2018-05-09 11:24,-1
2018-05-09 11:38,1
2018-05-09 11:48,4
2018-05-09 12:30,14
2018-05-09 12:35,4
2018-05-09 22:38,14
2018-05-09 22:41,-1
2018-05-10 02:19,-1
2018-05-10 10:01,4
2018-05-10 14:30,3
2018-05-10 14:33,13
2018-05-10 14:37,14
2018-05-11 00:49,5
2018-05-11 19:30,-1
2018-05-11 20:56,4
2018-05-11 23:39,13
2018-05-11 23:49,1
2018-05-12 21:08,14
2018-05-12 22:02,16
2018-05-12 22:20,2
2018-05-13 12:29,4
2018-05-13 19:22,11
2018-05-13 20:11,16
2018-05-14 00:03,13
2018-05-14 13:36,13
2018-05-14 20:46,1
2018-05-14 21:09,4
2018-05-15 12:26,4
2018-05-15 14:08,0
2018-05-15 18:39,4
2018-05-17 11:28,0
2018-05-17 12:45,0
2018-05-17 13:52,1
2018-05-17 15:25,4
2018-05-17 21:00,-1
2018-05-18 10:24,0
2018-05-18 10:51,1
2018-05-18 13:38,-1
2018-05-18 13:50,0
2018-05-18 16:34,4
2018-05-18 22:00,10
2018-05-18 22:57,-1
2018-05-19 18:37,4
2018-05-19 21:27,0
2018-05-20 13:04,0
2018-05-20 13:11,0
2018-05-20 13:19,0
2018-05-20 13:29,0
2018-05-20 13:37,0
2018-05-20 14:04,10
2018-05-20 17:13,0
2018-05-20 17:37,0
2018-05-21 11:27,11
2018-05-21 11:53,0
2018-05-21 12:01,0
2018-05-21 12:12,0
2018-05-21 12:51,-1
2018-05-21 13:16,11
2018-05-21 23:18,5
2018-05-23 00:40,17
2018-05-23 01:13,0
2018-05-23 01:13,0
2018-05-23 10:54,0
2018-05-23 11:00,0
2018-05-23 11:12,0
2018-05-23 11:33,0
2018-05-23 13:18,8
2018-05-23 13:34,-1
2018-05-24 12:21,0
2018-05-24 12:34,0
2018-05-25 12:04,15
2018-05-25 12:04,0
2018-05-25 12:04,0
2018-05-25 12:04,0
2018-05-25 12:14,14
2018-05-25 17:22,4
2018-05-25 22:14,10
2018-05-25 22:45,11
2018-05-25 23:07,-1
2018-05-26 00:37,14
2018-05-26 13:22,16
2018-05-26 13:59,2
2018-05-26 14:47,4
2018-05-26 15:21,1
2018-05-26 19:28,0
2018-05-26 19:41,0
2018-05-26 19:56,0
2018-05-27 01:49,6
2018-05-27 12:41,8
2018-05-27 13:14,4
2018-05-27 14:13,0
2018-05-27 20:09,14
2018-05-27 20:32,0
2018-05-28 11:01,-1
2018-05-28 12:58,4
2018-05-28 14:32,0
2018-05-28 17:19,4
2018-05-28 21:22,3
2018-05-28 21:53,10
2018-05-29 10:07,2
2018-05-29 10:49,0
2018-05-29 11:00,0
2018-05-29 11:09,0
2018-05-29 11:27,14
2018-05-29 13:30,1
2018-05-30 12:47,2
2018-05-30 14:35,1
2018-05-30 15:31,1
2018-05-30 17:11,9
2018-05-30 22:59,-1
2018-05-31 03:06,0
2018-05-31 10:55,-1
2018-05-31 11:53,1
2018-05-31 12:05,-1
2018-05-31 12:11,0
2018-05-31 13:15,14
2018-05-31 13:18,-1
2018-05-31 21:19,6
2018-06-01 11:05,0
2018-06-01 11:15,1
2018-06-01 13:18,11
2018-06-02 12:06,0
2018-06-02 12:40,0
2018-06-02 17:43,0
2018-06-02 17:51,11
2018-06-02 20:57,11
2018-06-02 21:23,11
2018-06-03 12:59,0
2018-06-03 13:25,0
2018-06-03 13:34,0
2018-06-03 17:34,0
2018-06-04 11:35,8
2018-06-04 12:35,0
2018-06-04 13:47,11
2018-06-04 14:01,17
2018-06-04 20:41,-1
2018-06-05 01:10,17
2018-06-05 02:55,-1
2018-06-05 10:38,0
2018-06-05 11:08,-1
2018-06-05 11:34,14
2018-06-05 11:58,2
2018-06-05 13:09,-1
2018-06-05 13:44,4
2018-06-05 20:06,-1
2018-06-05 20:07,-1
2018-06-06 00:37,0
2018-06-06 01:23,0
2018-06-06 01:27,0
2018-06-06 04:02,2
2018-06-06 13:16,-1
2018-06-06 13:48,1
2018-06-06 13:54,1
2018-06-06 14:04,1
2018-06-07 11:57,14
2018-06-07 12:07,6
2018-06-07 13:05,0
2018-06-07 13:07,0
2018-06-07 14:07,0
2018-06-07 15:15,16
2018-06-07 15:42,4
2018-06-07 22:04,11
2018-06-07 23:44,11
2018-06-08 02:15,11
2018-06-08 10:06,-1
2018-06-08 10:16,11
2018-06-08 11:12,-1
2018-06-08 11:22,14
2018-06-09 20:43,4
2018-06-09 20:57,11
2018-06-09 20:58,14
2018-06-09 23:03,11
2018-06-09 23:04,11
2018-06-11 01:05,11
2018-06-11 01:17,11
2018-06-11 01:29,-1
2018-06-11 01:42,-1
2018-06-11 01:45,14
2018-06-11 02:41,11
2018-06-11 07:51,-1
2018-06-11 21:27,-1
2018-06-11 21:52,8
2018-06-11 22:04,14
2018-06-12 00:03,17
2018-06-12 00:35,4
2018-06-12 08:02,-1
2018-06-12 20:12,6
2018-06-12 20:40,14
2018-06-12 20:40,14
2018-06-13 00:02,14
2018-06-13 00:11,14
2018-06-13 00:27,14
2018-06-13 01:14,14
2018-06-13 09:40,-1
2018-06-13 09:56,14
2018-06-13 10:01,14
2018-06-13 11:10,16
2018-06-13 11:49,-1
2018-06-13 11:52,-1
2018-06-13 13:30,1
2018-06-13 20:11,-1
2018-06-13 20:50,17
2018-06-14 12:34,14
2018-06-14 15:08,0
2018-06-14 15:09,10
2018-06-15 10:35,0
2018-06-15 10:55,0
2018-06-15 11:45,-1
2018-06-15 11:50,1
2018-06-15 17:08,2
2018-06-15 17:41,0
2018-06-15 17:49,-1
2018-06-15 22:03,-1
2018-06-15 22:23,1
2018-06-16 13:03,2
2018-06-16 13:12,4
2018-06-16 14:01,0
2018-06-17 11:52,-1
2018-06-17 13:01,14
2018-06-17 14:54,0
2018-06-18 00:25,1
2018-06-18 00:42,0
2018-06-18 00:49,2
2018-06-18 01:03,0
2018-06-18 12:46,2
2018-06-18 13:02,2
2018-06-18 13:04,2
2018-06-18 13:50,2
2018-06-18 13:50,-1
2018-06-18 13:53,2
2018-06-18 14:57,14
2018-06-18 15:27,0
2018-06-19 13:52,2
2018-06-19 13:52,2
2018-06-19 13:52,7
2018-06-19 13:52,2
2018-06-19 14:07,2
2018-06-19 14:11,2
2018-06-19 18:04,2
2018-06-20 01:06,2
2018-06-20 02:17,4
2018-06-20 12:25,2
2018-06-20 13:41,2
2018-06-20 14:00,1
2018-06-20 20:39,-1
2018-06-20 23:30,5
2018-06-21 03:51,8
2018-06-21 12:12,2
2018-06-21 12:29,-1
2018-06-21 13:08,2
2018-06-21 14:38,-1
2018-06-21 17:02,2
2018-06-21 21:51,1
2018-06-21 22:40,2
2018-06-21 23:07,2
2018-06-22 10:41,-1
2018-06-22 10:54,2
2018-06-22 11:00,2
2018-06-22 11:06,2
2018-06-22 11:58,5
2018-06-22 13:30,2
2018-06-22 13:43,2
2018-06-22 19:40,2
2018-06-22 20:23,2
2018-06-23 00:34,11
2018-06-23 11:33,0
2018-06-23 11:36,0
2018-06-23 12:38,-1
2018-06-23 12:52,1
2018-06-23 17:05,-1
2018-06-23 17:12,4
2018-06-24 01:43,0
2018-06-24 13:12,2
2018-06-24 15:02,2
2018-06-24 15:08,2
2018-06-24 20:12,11
2018-06-25 00:01,1
2018-06-25 00:08,2
2018-06-25 11:28,-1
2018-06-25 11:41,10
2018-06-25 12:02,0
2018-06-25 12:36,1
2018-06-25 12:43,2
2018-06-25 12:54,2
2018-06-25 17:11,3
2018-06-25 23:22,0
2018-06-25 23:30,0
2018-06-26 11:25,11
2018-06-26 11:57,5
2018-06-26 12:17,-1
2018-06-26 12:36,3
2018-06-26 13:30,0
2018-06-26 14:40,2
2018-06-27 02:18,3
2018-06-27 02:47,2
2018-06-27 11:18,3
2018-06-27 12:39,2
2018-06-27 14:11,17
2018-06-27 15:26,-1
2018-06-27 17:33,-1
2018-06-28 03:24,-1
2018-06-28 03:24,10
2018-06-28 11:02,0
2018-06-28 11:25,0
2018-06-28 12:30,0
2018-06-28 12:43,0
2018-06-28 18:57,-1
2018-06-28 20:49,4
2018-06-29 18:06,8
2018-06-30 11:07,-1
2018-06-30 11:22,-1
2018-06-30 11:37,-1
2018-06-30 12:33,17
2018-06-30 19:26,-1
2018-06-30 19:44,2
2018-07-01 12:11,2
2018-07-01 19:39,17
2018-07-02 03:01,-1
2018-07-03 02:43,-1
2018-07-03 10:16,3
2018-07-03 10:49,2
2018-07-03 10:57,2
2018-07-03 11:16,14
2018-07-03 12:03,16
2018-07-03 14:00,-1
2018-07-03 14:18,0
2018-07-03 21:35,1
2018-07-03 23:52,4
2018-07-04 00:36,4
2018-07-04 14:42,4
2018-07-04 14:44,-1
2018-07-04 20:46,-1
2018-07-05 02:47,4
2018-07-05 14:08,2
2018-07-05 14:16,2
2018-07-05 14:17,2
2018-07-06 00:44,2
2018-07-06 00:58,-1
2018-07-06 01:06,-1
2018-07-06 16:12,-1
2018-07-06 16:57,0
2018-07-07 13:21,1
2018-07-07 20:42,0
2018-07-07 22:24,0
2018-07-08 13:14,9
2018-07-08 20:29,16
2018-07-08 21:27,17
2018-07-08 21:58,6
2018-07-09 12:14,17
2018-07-09 14:25,14
2018-07-09 17:04,1
2018-07-09 17:08,-1
2018-07-10 10:59,-1
2018-07-10 12:39,4
2018-07-10 14:40,0
2018-07-10 17:01,-1
2018-07-10 18:42,-1
2018-07-10 18:52,-1
2018-07-10 22:37,-1
2018-07-11 08:04,4
2018-07-11 16:41,2
2018-07-11 17:07,-1
2018-07-11 21:09,17
2018-07-11 21:53,0
2018-07-11 22:47,0
2018-07-11 23:33,-1
2018-07-12 05:55,0
2018-07-12 06:12,-1
2018-07-12 15:10,-1
2018-07-12 16:32,14
2018-07-12 17:52,-1
2018-07-13 06:02,5
2018-07-13 18:04,-1
2018-07-14 09:46,8
2018-07-14 09:57,0
2018-07-14 10:08,0
2018-07-14 11:24,1
2018-07-14 11:34,7
2018-07-14 12:44,4
2018-07-14 18:17,0
2018-07-15 16:11,14
2018-07-15 17:03,-1
2018-07-16 05:23,-1
2018-07-16 05:37,0
2018-07-16 06:05,-1
2018-07-16 19:40,-1
2018-07-16 20:29,-1
2018-07-16 20:34,-1
2018-07-17 13:53,-1
2018-07-17 14:22,0
2018-07-17 14:33,3
2018-07-17 14:39,8
2018-07-18 00:21,0
2018-07-18 00:27,-1
2018-07-18 04:10,-1
2018-07-18 09:53,0
2018-07-18 10:16,14
2018-07-18 11:27,-1
2018-07-18 11:33,8
2018-07-18 19:25,18
2018-07-18 21:30,-1
2018-07-19 01:35,13
2018-07-19 10:29,15
2018-07-19 10:37,1
2018-07-19 10:59,0
2018-07-19 13:11,11
2018-07-19 13:24,-1
2018-07-19 18:14,1
2018-07-20 12:51,-1
2018-07-20 13:04,11
2018-07-20 21:50,0
2018-07-20 22:17,-1
2018-07-21 12:10,-1
2018-07-21 22:40,0
2018-07-21 22:50,0
2018-07-21 23:23,5
2018-07-22 10:28,0
2018-07-22 10:49,0
2018-07-22 12:22,0
2018-07-22 12:56,0
2018-07-22 13:15,0
2018-07-22 22:23,0
2018-07-23 03:24,16
2018-07-23 10:30,0
2018-07-23 10:52,0
2018-07-23 11:01,0
2018-07-23 11:09,0
2018-07-23 12:25,0
2018-07-23 13:06,14
2018-07-23 13:21,-1
2018-07-23 13:35,-1
2018-07-24 02:07,-1
2018-07-24 11:09,11
2018-07-24 11:29,11
2018-07-24 13:46,8
2018-07-24 13:54,-1
2018-07-24 15:50,-1
2018-07-25 00:08,11
2018-07-25 00:39,1
2018-07-25 01:05,0
2018-07-25 11:01,11
2018-07-25 11:08,-1
2018-07-25 11:20,11
2018-07-25 12:34,-1
2018-07-25 12:41,18
2018-07-25 20:57,11
2018-07-25 22:59,-1
2018-07-26 01:01,11
2018-07-26 01:07,11
2018-07-26 11:46,1
2018-07-26 15:22,13
2018-07-27 02:37,-1
2018-07-27 03:50,14
2018-07-27 11:26,0
2018-07-27 11:38,0
2018-07-27 11:56,1
2018-07-27 15:53,-1
2018-07-27 16:12,8
2018-07-27 20:08,5
2018-07-27 22:45,2
2018-07-28 00:47,3
2018-07-28 16:37,-1
2018-07-29 11:31,2
2018-07-29 11:44,3
2018-07-29 11:58,2
2018-07-29 12:30,1
2018-07-29 12:42,8
2018-07-29 13:13,2
2018-07-29 19:09,1
2018-07-29 19:35,0
2018-07-29 20:12,0
2018-07-29 20:20,0
2018-07-30 11:57,2
2018-07-30 22:31,-1
2018-07-30 22:34,2
2018-07-30 22:36,-1
2018-07-31 00:56,17
2018-07-31 02:01,4
2018-07-31 10:14,-1
2018-07-31 11:00,2
2018-07-31 11:58,0
2018-07-31 13:34,1
2018-07-31 17:33,2
2018-07-31 20:39,8
2018-08-01 13:03,0
2018-08-01 13:24,0
2018-08-01 13:34,0
2018-08-01 14:01,0
2018-08-01 15:35,0
2018-08-01 15:56,0
2018-08-02 04:47,14
2018-08-02 10:38,12
2018-08-02 11:04,1
2018-08-02 17:23,-1
2018-08-02 18:55,5
2018-08-02 20:24,1
2018-08-03 00:30,5
2018-08-03 22:10,8
2018-08-03 22:59,8
2018-08-04 01:06,5
2018-08-04 03:28,0
2018-08-04 03:37,-1
2018-08-04 13:02,5
2018-08-04 19:47,11
2018-08-04 19:58,11
2018-08-04 20:53,16
2018-08-05 11:38,1
2018-08-05 12:06,11
2018-08-05 12:35,1
2018-08-05 12:45,0
2018-08-05 12:49,1
2018-08-05 20:01,-1
2018-08-06 14:13,0
2018-08-06 14:25,0
2018-08-06 14:52,8
2018-08-06 15:48,5
2018-08-06 17:43,-1
2018-08-06 19:13,-1
2018-08-06 21:46,-1
2018-08-06 21:53,-1
2018-08-07 09:31,16
2018-08-07 10:46,5
2018-08-08 02:59,5
2018-08-08 03:23,-1
2018-08-08 14:31,-1
2018-08-08 15:14,1
2018-08-08 15:25,12
2018-08-08 18:07,-1
2018-08-08 18:51,-1
2018-08-09 13:22,0
2018-08-09 16:02,0
2018-08-09 16:03,6
2018-08-09 17:00,5
2018-08-09 22:50,-1
2018-08-10 11:49,-1
2018-08-10 12:18,-1
2018-08-10 12:32,-1
2018-08-10 12:47,13
2018-08-10 21:30,3
2018-08-10 22:58,-1
2018-08-10 23:12,-1
2018-08-11 13:17,0
2018-08-11 13:18,0
2018-08-11 13:26,10
2018-08-11 13:41,-1
2018-08-11 18:28,0
2018-08-11 18:54,-1
2018-08-11 18:59,5
2018-08-12 01:51,5
2018-08-12 12:24,0
2018-08-12 12:34,8
2018-08-12 12:57,-1
2018-08-12 13:25,0
2018-08-13 13:27,-1
2018-08-13 13:50,-1
2018-08-13 14:21,1
2018-08-13 16:04,0
2018-08-13 16:09,0
2018-08-13 16:13,5
2018-08-14 01:37,5
2018-08-14 10:59,0
2018-08-14 11:31,-1
2018-08-14 11:42,13
2018-08-14 12:06,0
2018-08-14 13:01,0
2018-08-14 13:10,0
2018-08-14 13:15,0
2018-08-15 12:30,-1
2018-08-15 13:18,-1
2018-08-15 14:08,0
2018-08-15 14:57,3
2018-08-15 15:04,11
2018-08-15 18:34,-1
2018-08-16 01:00,0
2018-08-16 01:14,0
2018-08-16 02:02,10
2018-08-16 02:31,-1
2018-08-16 02:40,-1
2018-08-16 12:43,8
2018-08-16 12:50,1
2018-08-16 14:10,1
2018-08-16 15:36,-1
2018-08-16 18:55,6
2018-08-16 23:30,13
2018-08-16 23:37,0
2018-08-16 23:45,0
2018-08-16 23:53,-1
2018-08-17 00:45,0
2018-08-17 00:56,-1
2018-08-17 01:49,0
2018-08-17 01:54,0
2018-08-17 11:44,10
2018-08-17 11:57,-1
2018-08-17 12:29,-1
2018-08-17 12:38,8
2018-08-17 14:10,10
2018-08-17 14:17,10
2018-08-17 19:25,10
2018-08-17 21:25,-1
2018-08-17 22:29,0
2018-08-18 01:46,-1
2018-08-18 11:23,1
2018-08-18 11:32,1
2018-08-18 11:40,-1
2018-08-18 11:46,-1
2018-08-18 13:12,0
2018-08-18 13:39,8
2018-08-18 19:39,-1
2018-08-18 21:51,-1
2018-08-18 22:12,0
2018-08-19 11:15,0
2018-08-19 11:30,0
2018-08-19 12:06,1
2018-08-19 12:14,1
2018-08-19 12:24,0
2018-08-20 11:28,0
2018-08-20 11:38,0
2018-08-20 11:48,0
2018-08-20 14:13,0
2018-08-20 14:23,0
2018-08-20 14:36,-1
2018-08-20 17:14,2
2018-08-21 02:06,0
2018-08-21 03:53,10
2018-08-21 10:38,2
2018-08-21 10:55,0
2018-08-21 11:41,2
2018-08-21 14:15,10
2018-08-21 14:56,5
2018-08-22 00:45,5
2018-08-22 12:44,-1
2018-08-22 13:21,-1
2018-08-22 13:37,-1
2018-08-22 20:07,8
2018-08-23 00:56,-1
2018-08-23 02:28,11
2018-08-23 05:10,0
2018-08-23 16:02,-1
2018-08-24 10:04,8
2018-08-24 10:17,0
2018-08-24 10:28,0
2018-08-24 11:10,0
2018-08-24 11:34,1
2018-08-24 17:36,14
2018-08-25 00:40,-1
2018-08-25 12:16,1
2018-08-25 12:36,0
2018-08-25 12:46,-1
2018-08-25 13:05,0
2018-08-25 13:11,0
2018-08-25 13:14,0
2018-08-25 13:22,2
2018-08-25 23:45,8
2018-08-26 00:44,-1
2018-08-26 14:27,6
2018-08-26 14:31,8
2018-08-26 22:01,8
2018-08-27 00:39,-1
2018-08-27 12:57,-1
2018-08-27 13:37,-1
2018-08-27 13:39,-1
2018-08-27 17:19,5
2018-08-27 17:20,5
2018-08-27 17:22,5
2018-08-28 01:18,-1
2018-08-28 09:54,-1
2018-08-28 09:57,-1
2018-08-28 14:21,11
2018-08-28 15:02,1
2018-08-28 15:02,1
2018-08-29 00:32,5
2018-08-29 01:16,0
2018-08-29 01:21,-1
2018-08-29 02:19,-1
2018-08-29 02:26,0
2018-08-29 04:11,0
2018-08-29 12:00,5
2018-08-29 12:12,0
2018-08-29 12:18,0
2018-08-29 12:23,-1
2018-08-29 12:40,1
2018-08-29 12:41,1
2018-08-29 14:56,8
2018-08-29 15:12,-1
2018-08-29 20:55,6
2018-08-29 22:43,1
2018-08-30 00:44,1
2018-08-30 01:43,0
2018-08-30 01:51,0
2018-08-30 02:27,-1
2018-08-30 10:50,1
2018-08-30 11:02,1
2018-08-30 11:11,1
2018-08-30 11:20,8
2018-08-30 11:44,1
2018-08-30 12:54,-1
2018-08-30 13:49,5
2018-08-30 16:54,1
2018-08-30 19:59,6
2018-08-31 01:50,5
2018-08-31 17:09,5
2018-08-31 18:37,-1
2018-09-01 02:25,-1
2018-09-01 02:36,5
2018-09-01 12:26,0
2018-09-01 13:19,0
2018-09-01 13:27,0
2018-09-01 15:03,-1
2018-09-01 15:12,-1
2018-09-01 22:53,-1
2018-09-01 22:55,11
2018-09-02 00:46,0
2018-09-02 01:01,0
2018-09-02 01:21,0
2018-09-02 13:28,-1
2018-09-02 13:37,-1
2018-09-03 11:28,8
2018-09-03 12:23,8
2018-09-03 18:25,0
2018-09-03 18:39,0
2018-09-03 18:55,16
2018-09-03 19:21,0
2018-09-03 22:20,13
2018-09-04 14:58,1
2018-09-04 20:41,-1
2018-09-04 22:37,-1
2018-09-04 22:38,-1
2018-09-04 23:18,-1
2018-09-05 02:50,-1
2018-09-05 03:01,1
2018-09-05 11:33,1
2018-09-05 13:20,-1
2018-09-05 13:39,-1
2018-09-05 21:45,1
2018-09-05 22:15,0
2018-09-05 23:40,1
2018-09-06 03:22,-1
2018-09-06 10:58,14
2018-09-06 11:19,8
2018-09-06 11:31,8
2018-09-06 14:09,-1
2018-09-06 23:12,1
2018-09-07 10:56,6
2018-09-07 11:32,1
2018-09-07 16:35,2
2018-09-07 21:39,0
2018-09-08 14:51,8
2018-09-08 15:45,11
2018-09-09 00:07,1
2018-09-09 01:38,-1
2018-09-09 01:47,3
2018-09-09 01:51,6
2018-09-09 13:01,4
2018-09-09 13:32,8
2018-09-09 13:49,11
2018-09-09 14:01,11
2018-09-09 14:12,8
2018-09-09 14:42,-1
2018-09-09 15:21,14
2018-09-10 11:03,8
2018-09-10 13:57,8
2018-09-10 14:42,8
2018-09-10 19:35,-1
2018-09-10 19:41,-1
2018-09-10 21:18,3
2018-09-10 23:17,-1
2018-09-10 23:35,-1
2018-09-11 11:08,0
2018-09-11 11:19,0
2018-09-11 11:59,-1
2018-09-11 12:58,-1
2018-09-12 01:16,0
2018-09-12 01:55,3
2018-09-12 10:30,0
2018-09-12 10:51,-1
2018-09-12 16:37,-1
2018-09-13 12:37,-1
2018-09-13 12:49,-1
2018-09-13 14:15,11
2018-09-13 17:56,-1
2018-09-14 01:10,16
2018-09-14 12:19,-1
2018-09-14 22:35,-1
2018-09-15 03:08,1
2018-09-15 22:08,0
2018-09-15 22:38,2
2018-09-16 02:27,8
2018-09-16 14:20,0
2018-09-16 22:18,8
2018-09-17 01:06,8
2018-09-17 10:11,11
2018-09-17 10:15,-1
2018-09-17 14:23,0
2018-09-17 14:36,0
2018-09-17 18:10,-1
2018-09-17 22:07,-1
2018-09-18 00:21,4
2018-09-18 12:42,0
2018-09-18 12:50,11
2018-09-18 18:21,9
2018-09-19 03:45,17
2018-09-19 04:04,14
2018-09-19 11:34,8
2018-09-19 11:43,14
2018-09-19 23:37,5
2018-09-19 23:57,-1
2018-09-20 00:50,-1
2018-09-20 11:05,8
2018-09-20 11:13,-1
2018-09-20 11:43,2
2018-09-20 13:34,-1
2018-09-21 04:05,4
2018-09-21 12:56,-1
2018-09-21 13:14,0
2018-09-21 13:29,0
2018-09-21 15:29,3
2018-09-22 03:20,-1
2018-09-22 14:01,8
2018-09-23 20:52,-1
2018-09-23 22:48,-1
2018-09-24 21:33,0
2018-09-25 02:38,6
2018-09-25 02:50,-1
2018-09-25 16:45,-1
2018-09-26 02:55,-1
2018-09-26 10:54,8
2018-09-26 10:57,8
2018-09-26 16:47,-1
2018-09-26 17:26,9
2018-09-26 23:52,-1
2018-09-27 22:46,-1
2018-09-29 00:27,-1
2018-09-29 20:33,-1
2018-09-30 00:52,5
2018-09-30 02:49,-1
2018-09-30 16:57,1
2018-09-30 17:47,-1
2018-09-30 18:56,-1
2018-10-01 10:30,-1
2018-10-01 10:53,-1
2018-10-01 10:56,-1
2018-10-02 00:50,5
2018-10-02 16:08,-1
2018-10-02 17:22,4
2018-10-03 01:25,-1
2018-10-03 02:18,4
2018-10-03 12:53,1
2018-10-03 13:04,8
2018-10-03 14:29,-1
2018-10-04 00:01,4
2018-10-04 02:23,-1
2018-10-04 12:16,-1
2018-10-04 13:34,4
2018-10-04 13:54,2
2018-10-04 14:17,-1
2018-10-04 17:38,-1
2018-10-05 00:52,5
2018-10-05 13:03,3
2018-10-05 13:06,8
2018-10-05 14:59,-1
2018-10-06 16:08,-1
2018-10-06 20:06,-1
2018-10-06 20:15,-1
2018-10-06 21:57,-1
2018-10-07 01:21,10
2018-10-07 14:42,14
2018-10-08 13:36,-1
2018-10-08 18:57,4
2018-10-09 01:34,-1
2018-10-09 12:32,10
2018-10-09 16:36,-1
2018-10-10 01:09,5
2018-10-10 13:01,1
2018-10-11 01:00,5
2018-10-11 03:44,-1
2018-10-12 13:59,-1
2018-10-12 14:26,-1
2018-10-12 16:43,-1
2018-10-12 22:14,-1
2018-10-13 14:17,13
2018-10-13 17:43,-1
2018-10-13 20:48,-1
2018-10-14 03:53,-1
2018-10-14 13:56,1
2018-10-14 19:54,6
2018-10-15 11:46,-1
2018-10-15 12:11,12
2018-10-15 12:37,-1
2018-10-15 13:48,5
2018-10-15 23:51,-1
2018-10-16 00:26,-1
2018-10-16 12:06,-1
2018-10-16 12:16,-1
2018-10-16 12:24,-1
2018-10-16 13:05,2
2018-10-16 13:15,-1
2018-10-16 14:12,8
2018-10-16 15:04,0
2018-10-16 15:26,-1
2018-10-16 18:50,-1
2018-10-17 01:19,2
2018-10-17 01:24,2
2018-10-17 02:36,-1
2018-10-17 11:30,-1
2018-10-17 11:52,5
2018-10-17 12:00,5
2018-10-17 13:45,2
2018-10-17 19:24,15
2018-10-18 02:03,-1
2018-10-18 11:25,2
2018-10-18 11:35,2
2018-10-18 11:45,2
2018-10-18 19:43,15
2018-10-18 20:04,3
2018-10-18 22:51,-1
2018-10-19 00:11,9
2018-10-19 03:11,3
2018-10-19 03:23,-1
2018-10-19 14:04,-1
2018-10-19 17:26,1
2018-10-19 17:34,5
2018-10-19 18:41,-1
2018-10-19 23:47,-1
2018-10-20 03:13,5
2018-10-20 14:35,2
2018-10-20 14:56,5
2018-10-20 15:03,5
2018-10-21 00:36,7
2018-10-21 02:45,-1
2018-10-21 19:11,2
2018-10-21 19:14,2
2018-10-21 19:26,8
2018-10-21 22:48,1
2018-10-22 01:49,5
2018-10-22 12:37,2
2018-10-22 12:49,2
2018-10-22 12:57,2
2018-10-22 17:52,2
2018-10-22 19:18,-1
2018-10-23 02:13,8
2018-10-23 02:30,2
2018-10-23 15:24,-1
2018-10-23 16:43,11
2018-10-23 23:18,-1
2018-10-24 11:52,2
2018-10-24 11:56,2
2018-10-24 12:35,18
2018-10-24 12:45,15
2018-10-24 16:04,-1
2018-10-24 18:55,-1
2018-10-25 10:54,1
2018-10-25 11:05,2
2018-10-25 11:18,1
2018-10-25 13:57,9
2018-10-25 18:31,2
2018-10-26 07:14,1
2018-10-26 13:55,2
2018-10-26 14:05,1
2018-10-26 14:19,-1
2018-10-26 17:59,-1
2018-10-26 18:48,-1
2018-10-26 21:22,6
2018-10-26 21:47,4
2018-10-27 13:38,3
2018-10-27 13:51,3
2018-10-27 14:02,-1
2018-10-27 15:08,4
2018-10-27 16:26,5
2018-10-27 21:41,4
2018-10-27 21:41,13
2018-10-28 03:46,-1
2018-10-28 03:57,6
2018-10-28 17:03,12
2018-10-29 00:12,1
2018-10-29 12:03,1
2018-10-29 12:07,1
2018-10-29 12:28,-1
2018-10-29 14:41,2
2018-10-29 14:54,5
2018-10-30 00:00,1
2018-10-30 00:14,1
2018-10-30 00:39,-1
2018-10-30 12:25,5
2018-10-30 12:33,8
2018-10-30 15:10,8
2018-10-31 12:38,2
2018-10-31 12:45,2
2018-10-31 13:09,4
2018-10-31 13:25,-1
2018-10-31 14:17,2
2018-10-31 14:19,2
2018-10-31 15:28,15
2018-10-31 16:43,-1
2018-10-31 17:19,-1
2018-10-31 19:25,-1
2018-10-31 20:18,3
2018-11-01 03:33,1
2018-11-01 14:09,-1
2018-11-01 20:54,2
2018-11-01 22:46,-1
2018-11-02 02:23,4
2018-11-02 13:46,8
2018-11-02 13:54,5
2018-11-02 16:01,-1
2018-11-03 02:56,5
2018-11-03 10:54,3
2018-11-03 13:38,-1
2018-11-03 18:03,-1
2018-11-03 20:38,3
2018-11-03 21:05,12
2018-11-04 02:47,5
2018-11-04 15:15,-1
2018-11-05 01:36,5
2018-11-05 05:04,-1
2018-11-05 13:21,5
2018-11-05 13:36,-1
2018-11-05 15:18,1
2018-11-05 15:35,5
2018-11-05 15:41,7
2018-11-05 20:59,4
2018-11-06 02:14,4
2018-11-06 15:20,-1
2018-11-06 18:48,-1
2018-11-06 19:56,5
2018-11-07 04:14,6
2018-11-07 06:27,-1
2018-11-07 06:37,8
2018-11-07 11:21,-1
2018-11-07 12:07,1
2018-11-07 12:52,1
2018-11-07 13:04,0
2018-11-07 13:31,3
2018-11-07 15:39,0
2018-11-07 19:44,-1
2018-11-07 19:44,-1
2018-11-08 12:38,4
2018-11-08 12:51,4
2018-11-09 02:38,-1
2018-11-09 15:55,18
2018-11-09 15:58,18
2018-11-09 16:52,-1
2018-11-09 17:10,0
2018-11-09 17:36,-1
2018-11-09 18:14,-1
2018-11-09 18:20,-1
2018-11-09 18:39,-1
2018-11-09 20:33,7
2018-11-09 21:10,-1
2018-11-10 03:52,-1
2018-11-10 08:08,-1
2018-11-10 08:17,13
2018-11-10 14:09,-1
2018-11-10 19:06,-1
2018-11-10 19:09,-1
2018-11-10 22:19,-1
2018-11-10 22:20,-1
2018-11-11 09:40,-1
2018-11-11 14:16,4
2018-11-11 14:52,4
2018-11-11 16:03,13
2018-11-12 04:38,4
2018-11-12 12:03,-1
2018-11-12 12:10,11
2018-11-12 12:21,11
2018-11-12 12:44,-1
2018-11-12 15:34,-1
2018-11-12 16:31,4
2018-11-12 18:13,1
2018-11-12 18:21,-1
2018-11-13 01:19,4
2018-11-13 11:50,-1
2018-11-13 13:07,-1
2018-11-13 13:17,13
2018-11-13 13:18,-1
2018-11-13 15:49,4
2018-11-13 16:32,-1
2018-11-13 17:07,14
2018-11-13 21:20,4
2018-11-13 21:35,8
2018-11-14 19:28,-1
2018-11-14 22:10,-1
2018-11-15 11:59,1
2018-11-15 12:14,0
2018-11-15 12:32,12
2018-11-15 14:49,0
2018-11-15 14:59,0
2018-11-15 20:39,4
2018-11-15 20:43,4
2018-11-16 19:41,-1
2018-11-17 00:36,5
2018-11-17 00:37,18
2018-11-17 00:43,2
2018-11-17 00:43,-1
2018-11-17 16:42,1
2018-11-17 16:42,1
2018-11-18 02:48,5
2018-11-18 18:01,-1
2018-11-18 18:42,2
2018-11-18 19:55,2
2018-11-18 19:59,5
2018-11-19 15:26,-1
2018-11-19 15:41,-1
2018-11-19 19:10,1
2018-11-20 04:19,4
2018-11-21 03:43,1
2018-11-21 04:40,-1
2018-11-21 12:49,-1
2018-11-21 12:50,-1
2018-11-21 20:51,2
2018-11-21 21:09,2
2018-11-21 21:31,2
2018-11-21 21:42,2
2018-11-21 22:17,2
2018-11-22 00:23,-1
2018-11-22 00:36,-1
2018-11-22 12:01,-1
2018-11-22 12:21,2
2018-11-22 12:30,2
2018-11-22 15:12,-1
2018-11-22 23:07,2
2018-11-23 12:41,2
2018-11-23 23:48,1
2018-11-24 23:49,2
2018-11-24 23:56,2
2018-11-25 12:30,-1
2018-11-25 13:16,13
2018-11-25 13:28,2
2018-11-25 13:46,-1
2018-11-25 20:20,2
2018-11-25 20:27,-1
2018-11-25 20:39,0
2018-11-26 01:59,2
2018-11-26 02:07,2
2018-11-26 11:19,2
2018-11-26 14:33,0
2018-11-26 14:44,0
2018-11-26 19:45,13
2018-11-26 19:47,1
2018-11-26 19:47,1
2018-11-27 12:30,0
2018-11-27 12:42,0
2018-11-27 13:07,0
2018-11-27 19:05,-1
2018-11-27 19:05,-1
2018-11-28 00:31,0
2018-11-28 03:38,-1
2018-11-28 03:42,-1
2018-11-28 13:39,0
2018-11-28 14:49,-1
2018-11-28 16:09,-1
2018-11-28 23:32,4
2018-11-29 04:36,-1
2018-11-29 04:39,0
2018-11-29 11:37,-1
2018-11-29 11:54,0
2018-11-29 12:16,0
2018-11-29 12:32,11
2018-11-29 16:34,3
2018-11-30 02:50,0
2018-11-30 03:04,0
2018-11-30 09:52,-1
2018-11-30 09:59,0
2018-11-30 14:45,-1
2018-11-30 20:19,-1
2018-12-01 00:23,4
2018-12-01 05:49,4
2018-12-01 11:16,4
2018-12-03 04:00,11
2018-12-03 13:01,11
2018-12-03 13:30,-1
2018-12-03 13:45,2
2018-12-03 15:24,-1
2018-12-03 15:29,0
2018-12-03 15:48,-1
2018-12-03 15:56,0
2018-12-03 19:42,-1
2018-12-04 02:21,6
2018-12-04 15:03,11
2018-12-04 16:22,2
2018-12-04 22:56,-1
2018-12-04 22:56,-1
2018-12-05 00:20,11
2018-12-05 13:44,2
2018-12-05 13:51,2
2018-12-05 13:56,4
2018-12-05 14:44,-1
2018-12-06 03:32,-1
2018-12-06 15:17,0
2018-12-07 00:27,-1
2018-12-07 00:56,-1
2018-12-07 03:07,0
2018-12-07 03:08,1
2018-12-07 03:15,2
2018-12-07 11:18,0
2018-12-07 11:28,0
2018-12-07 12:15,0
2018-12-07 13:39,-1
2018-12-07 14:56,0
2018-12-07 20:02,-1
2018-12-07 20:56,2
2018-12-07 21:49,0
2018-12-07 23:00,4
2018-12-08 12:34,-1
2018-12-08 12:52,-1
2018-12-08 13:01,0
2018-12-08 16:01,0
2018-12-08 17:22,-1
2018-12-08 18:58,-1
2018-12-08 23:22,-1
2018-12-08 23:31,4
2018-12-09 13:38,0
2018-12-09 13:53,0
2018-12-09 22:43,1
2018-12-10 11:46,0
2018-12-10 12:00,-1
2018-12-11 02:11,0
2018-12-11 02:28,0
2018-12-11 11:52,2
2018-12-11 12:12,2
2018-12-11 12:42,2
2018-12-11 13:30,-1
2018-12-11 18:50,0
2018-12-11 18:55,0
2018-12-11 22:09,2
2018-12-12 12:34,2
2018-12-12 12:50,16
2018-12-13 12:38,2
2018-12-13 13:17,-1
2018-12-13 16:07,-1
2018-12-13 16:08,-1
2018-12-13 17:34,1
2018-12-13 21:21,-1
2018-12-14 16:35,11
2018-12-14 22:18,-1
2018-12-15 02:07,15
2018-12-15 02:16,17
2018-12-15 15:37,1
2018-12-15 16:15,-1
2018-12-15 16:45,0
2018-12-16 13:58,1
2018-12-16 14:11,0
2018-12-16 14:39,0
2018-12-16 15:03,-1
2018-12-16 15:20,0
2018-12-16 16:25,2
2018-12-16 20:37,0
2018-12-16 20:56,0
2018-12-17 13:02,15
2018-12-17 13:27,-1
2018-12-17 16:05,2
2018-12-17 21:14,11
2018-12-18 11:28,0
2018-12-18 11:41,-1
2018-12-18 12:26,1
2018-12-18 12:55,2
2018-12-18 13:22,0
2018-12-18 13:32,0
2018-12-19 01:13,2
2018-12-19 01:13,2
2018-12-19 02:07,-1
2018-12-19 12:35,-1
2018-12-19 13:43,2
2018-12-19 14:29,13
2018-12-19 14:56,10
2018-12-19 23:10,13
2018-12-20 11:56,-1
2018-12-20 12:16,13
2018-12-20 12:28,2
2018-12-20 12:39,2
2018-12-20 15:28,-1
2018-12-20 19:22,13
2018-12-20 20:14,15
2018-12-20 21:48,2
2018-12-20 22:21,-1
2018-12-21 03:13,2
2018-12-21 03:20,3
2018-12-21 11:58,2
2018-12-21 12:19,2
2018-12-21 12:24,2
2018-12-21 12:31,2
2018-12-21 12:38,2
2018-12-21 13:02,-1
2018-12-21 14:50,13
2018-12-21 15:07,-1
2018-12-21 15:31,13
2018-12-21 22:14,2
2018-12-21 23:23,2
2018-12-22 02:49,2
2018-12-22 16:18,13
2018-12-22 16:30,13
2018-12-22 20:03,2
2018-12-22 20:28,2
2018-12-22 23:58,5
2018-12-23 01:48,1
2018-12-23 01:59,13
2018-12-23 02:20,-1
2018-12-23 14:17,2
2018-12-23 16:46,-1
2018-12-23 16:59,13
2018-12-23 19:45,-1
2018-12-23 20:20,16
2018-12-23 21:18,4
2018-12-24 03:32,-1
2018-12-24 03:47,15
2018-12-24 04:05,2
2018-12-24 04:54,13
2018-12-24 14:31,2
2018-12-24 14:41,11
2018-12-24 14:59,11
2018-12-24 15:23,16
2018-12-24 15:33,-1
2018-12-24 15:55,-1
2018-12-24 16:55,1
2018-12-24 17:10,2
2018-12-24 17:23,-1
2018-12-24 17:32,2
2018-12-24 21:14,14
2018-12-24 22:24,2
2018-12-25 12:59,-1
2018-12-25 23:18,-1
2018-12-26 20:35,4
2018-12-27 11:59,4
2018-12-27 12:06,2
2018-12-27 19:41,2
2018-12-27 19:44,2
2018-12-27 20:39,2
2018-12-27 21:04,-1
2018-12-27 21:04,2
2018-12-27 21:26,4
2018-12-27 22:10,2
2018-12-27 23:23,1
2018-12-28 12:16,2
2018-12-28 12:42,2
2018-12-28 12:49,-1
2018-12-28 13:06,2
2018-12-28 14:51,4
2018-12-29 15:42,0
2018-12-29 15:52,2
2018-12-29 16:03,11
2018-12-29 18:30,2
2018-12-29 18:36,2
2018-12-29 19:25,2
2018-12-29 21:06,-1
2018-12-30 03:01,0
2018-12-30 03:15,0
2018-12-30 15:28,-1
2018-12-30 16:56,2
2018-12-30 21:59,2
2018-12-31 12:51,2
2018-12-31 13:03,13
2018-12-31 13:12,1
2018-12-31 13:29,2
2018-12-31 14:38,1
2018-12-31 15:37,2
2018-12-31 15:39,2
2018-12-31 20:02,-1
2018-12-31 20:02,3
2018-12-31 23:53,-1
2019-01-01 00:40,-1
2019-01-01 00:51,2
2019-01-01 01:05,2
2019-01-01 13:08,-1
2019-01-01 14:25,-1
2019-01-01 14:32,2
2019-01-01 15:51,2
2019-01-01 18:12,4
2019-01-01 19:02,2
2019-01-01 22:44,-1
2019-01-01 23:11,14
2019-01-01 23:39,-1
2019-01-02 00:43,-1
2019-01-02 12:53,2
2019-01-02 13:35,2
2019-01-03 00:07,2
2019-01-03 00:07,2
2019-01-03 04:09,2
2019-01-03 14:36,6
2019-01-03 14:44,2
2019-01-03 14:52,11
2019-01-03 16:10,-1
2019-01-03 17:40,3
2019-01-03 20:25,-1
2019-01-04 01:19,-1
2019-01-04 13:06,3
2019-01-04 13:16,3
2019-01-04 14:39,8
2019-01-04 20:36,8
2019-01-04 21:45,1
2019-01-05 12:17,-1
2019-01-05 12:31,2
2019-01-05 12:57,2
2019-01-05 13:55,17
2019-01-05 14:48,2
2019-01-05 15:16,2
2019-01-05 15:54,2
2019-01-05 17:27,1
2019-01-05 20:49,-1
2019-01-05 21:05,9
2019-01-06 01:00,8
2019-01-06 01:35,-1
2019-01-06 01:47,2
2019-01-06 02:06,4
2019-01-06 02:15,-1
2019-01-06 12:01,-1
2019-01-06 12:33,2
2019-01-06 14:59,13
2019-01-06 15:27,13
2019-01-06 21:53,2
2019-01-07 12:56,1
2019-01-07 13:09,1
2019-01-07 13:31,1
2019-01-07 13:38,-1
2019-01-07 14:55,1
2019-01-07 18:44,2
2019-01-08 03:50,-1
2019-01-08 13:01,8
2019-01-08 13:13,-1
2019-01-08 13:16,11
2019-01-08 14:42,5
2019-01-09 02:16,-1
2019-01-09 04:33,-1
2019-01-09 14:06,8
2019-01-09 15:25,-1
2019-01-09 19:31,-1
2019-01-09 20:34,2
2019-01-10 03:43,1
2019-01-10 03:53,1
2019-01-10 13:24,-1
2019-01-10 13:34,2
2019-01-10 13:41,2
2019-01-10 13:43,-1
2019-01-10 16:47,4
2019-01-10 18:14,2
2019-01-10 22:41,2
2019-01-11 01:10,-1
2019-01-11 02:42,2
2019-01-11 02:43,3
2019-01-11 12:05,2
2019-01-11 12:40,2
2019-01-11 16:04,2
2019-01-11 16:16,2
2019-01-11 17:50,2
2019-01-11 23:21,-1
2019-01-11 23:29,1
2019-01-12 12:05,0
2019-01-12 12:18,0
2019-01-12 12:33,0
2019-01-12 12:53,0
2019-01-12 13:09,-1
2019-01-12 14:20,0
2019-01-12 14:28,2
2019-01-12 14:42,2
2019-01-12 14:47,-1
2019-01-12 15:57,1
2019-01-12 16:07,2
2019-01-12 16:14,2
2019-01-12 18:20,-1
2019-01-13 01:37,-1
2019-01-13 14:58,2
2019-01-13 15:00,2
2019-01-13 15:05,2
2019-01-13 15:36,2
2019-01-13 15:45,2
2019-01-13 22:01,4
2019-01-13 22:53,13
2019-01-13 23:02,13
2019-01-14 01:45,1
2019-01-14 02:52,-1
2019-01-14 03:03,-1
2019-01-14 03:12,2
2019-01-14 03:18,2
2019-01-14 12:14,-1
2019-01-14 12:23,2
2019-01-14 12:26,-1
2019-01-14 12:35,-1
2019-01-14 13:44,1
2019-01-14 15:49,-1
2019-01-14 22:12,13
2019-01-14 22:19,4
2019-01-14 22:19,11
2019-01-15 11:58,0
2019-01-15 12:16,8
2019-01-15 12:25,-1
2019-01-15 12:37,2
2019-01-15 12:49,2
2019-01-15 13:25,-1
2019-01-15 16:11,5
2019-01-16 12:33,2
2019-01-16 12:49,2
2019-01-17 14:04,9
2019-01-17 15:04,0
2019-01-18 01:36,-1
2019-01-18 02:42,2
2019-01-18 03:03,0
2019-01-18 13:22,2
2019-01-18 14:00,3
2019-01-18 14:13,2
2019-01-18 15:02,-1
2019-01-18 15:58,2
2019-01-18 15:59,-1
2019-01-18 16:00,-1
2019-01-18 16:58,-1
2019-01-18 22:51,2
2019-01-19 01:12,4
2019-01-19 02:14,-1
2019-01-19 03:02,0
2019-01-19 03:24,1
2019-01-19 11:29,4
2019-01-19 12:11,-1
2019-01-19 12:51,8
2019-01-19 13:50,1
2019-01-19 14:09,2
2019-01-19 19:08,-1
2019-01-19 21:24,-1
2019-01-20 12:40,8
2019-01-20 12:59,-1
2019-01-20 13:11,3
2019-01-20 13:23,2
2019-01-20 13:35,3
2019-01-20 13:51,2
2019-01-20 14:03,2
2019-01-20 14:20,2
2019-01-20 14:33,6
2019-01-20 18:16,-1
2019-01-20 18:16,14
2019-01-21 00:48,6
2019-01-21 00:50,4
2019-01-21 01:25,-1
2019-01-21 03:43,5
2019-01-21 05:03,-1
2019-01-21 15:22,8
2019-01-21 15:39,4
2019-01-21 15:40,-1
2019-01-21 17:46,-1
2019-01-21 21:57,11
2019-01-21 22:08,2
2019-01-21 23:37,2
2019-01-21 23:45,2
2019-01-22 02:46,1
2019-01-22 12:32,-1
2019-01-22 12:48,2
2019-01-22 13:15,0
2019-01-22 13:25,-1
2019-01-22 14:48,2
2019-01-22 15:00,1
2019-01-22 15:01,8
2019-01-22 15:28,1
2019-01-22 15:53,0
2019-01-22 16:06,0
2019-01-23 00:19,-1
2019-01-23 02:00,-1
2019-01-23 12:48,2
2019-01-23 12:57,2
2019-01-23 12:59,2
2019-01-23 18:47,-1
2019-01-23 19:00,2
2019-01-23 19:09,-1
2019-01-24 04:12,2
2019-01-24 04:18,4
2019-01-24 11:51,8
2019-01-24 11:56,8
2019-01-24 12:48,-1
2019-01-24 13:21,14
2019-01-24 13:34,14
2019-01-24 13:37,2
2019-01-24 16:16,2
2019-01-25 03:09,8
2019-01-25 03:28,1
2019-01-25 16:16,0
2019-01-25 19:39,-1
2019-01-26 00:33,2
2019-01-26 13:42,0
2019-01-26 13:52,-1
2019-01-26 14:01,2
2019-01-26 14:06,2
2019-01-26 14:23,-1
2019-01-26 14:32,2
2019-01-26 16:42,2
2019-01-26 20:52,2
2019-01-26 21:37,1
2019-01-27 01:39,0
2019-01-27 01:49,-1
2019-01-27 01:51,-1
2019-01-27 13:22,7
2019-01-27 13:44,2
2019-01-27 15:11,-1
2019-01-27 15:27,-1
2019-01-27 18:22,2
2019-01-28 01:08,2
2019-01-28 01:09,8
2019-01-28 13:16,-1
2019-01-28 13:21,-1
2019-01-28 13:41,8
2019-01-28 13:50,-1
2019-01-29 02:28,-1
2019-01-29 02:46,-1
2019-01-29 13:45,1
2019-01-30 04:00,8
2019-01-30 11:02,-1
2019-01-30 11:25,13
2019-01-30 11:40,14
2019-01-30 11:49,2
2019-01-30 11:54,2
2019-01-30 13:50,16
2019-01-30 13:56,16
2019-01-30 21:54,8
2019-01-30 21:58,-1
2019-01-30 21:58,-1
2019-01-31 12:04,1
2019-01-31 12:13,2
2019-01-31 12:16,2
2019-01-31 13:21,2
2019-01-31 13:36,-1
2019-01-31 14:52,2
2019-01-31 15:08,3
2019-01-31 17:43,2
2019-01-31 19:19,-1
2019-01-31 21:40,0
2019-01-31 21:40,-1
2019-02-01 00:14,2
2019-02-01 03:03,1
2019-02-01 03:16,-1
2019-02-01 04:26,-1
2019-02-01 13:23,13
2019-02-01 13:35,13
2019-02-01 14:16,8
2019-02-01 15:48,-1
2019-02-01 19:25,-1
2019-02-01 20:07,-1
2019-02-02 18:10,-1
2019-02-03 00:39,-1
2019-02-03 01:01,-1
2019-02-03 21:14,-1
2019-02-03 22:03,2
2019-02-04 20:13,-1
2019-02-05 14:10,2
2019-02-05 15:29,-1
2019-02-05 21:41,6
2019-02-06 03:40,6
2019-02-06 22:14,-1
2019-02-07 11:13,3
2019-02-07 11:26,-1
2019-02-07 12:35,-1
2019-02-07 12:37,-1
2019-02-07 15:20,4
2019-02-07 23:43,4
2019-02-08 00:02,4
2019-02-08 02:05,0
2019-02-08 12:23,0
2019-02-08 13:41,3
2019-02-08 13:48,0
2019-02-08 13:59,1
2019-02-08 20:10,-1
2019-02-08 20:15,-1
2019-02-09 00:33,14
2019-02-09 00:50,14
2019-02-09 13:56,4
2019-02-09 14:30,3
2019-02-09 14:36,8
2019-02-09 22:02,2
2019-02-09 22:54,-1
2019-02-09 23:21,-1
2019-02-10 12:41,0
2019-02-10 14:53,-1
2019-02-10 15:24,2
2019-02-10 16:17,2
2019-02-10 16:24,2
2019-02-10 18:27,1
2019-02-10 18:39,8
2019-02-10 21:46,-1
2019-02-10 21:54,2
2019-02-10 22:04,3
2019-02-10 22:28,13
2019-02-11 12:41,1
2019-02-11 12:43,-1
2019-02-11 13:18,2
2019-02-11 14:19,3
2019-02-11 16:03,5
2019-02-11 19:33,-1
2019-02-11 19:58,16
2019-02-11 19:58,-1
2019-02-11 22:03,-1
2019-02-12 03:52,-1
2019-02-12 16:35,5
2019-02-12 23:47,2
2019-02-12 23:47,2
2019-02-12 23:52,1
2019-02-13 03:23,2
2019-02-13 10:58,0
2019-02-13 15:01,8
2019-02-14 00:24,-1
2019-02-14 00:41,-1
2019-02-14 01:29,-1
2019-02-14 14:39,0
2019-02-14 14:55,0
2019-02-14 17:30,4
2019-02-15 03:16,-1
2019-02-15 23:11,4
2019-02-16 16:43,-1
2019-02-16 19:40,-1
2019-02-17 00:10,2
2019-02-17 00:17,11
2019-02-17 03:51,13
2019-02-17 04:01,13
2019-02-17 12:00,11
2019-02-17 12:24,-1
2019-02-17 12:41,-1
2019-02-17 12:52,-1
2019-02-17 12:56,1
2019-02-17 21:32,-1
2019-02-17 23:45,0
2019-02-18 04:21,0
2019-02-18 11:56,0
2019-02-18 12:15,0
2019-02-18 12:29,-1
2019-02-18 13:29,0
2019-02-18 20:22,4
2019-02-18 22:26,-1
2019-02-18 22:30,-1
2019-02-18 22:32,-1
2019-02-19 01:17,-1
2019-02-19 02:53,0
2019-02-19 03:00,6
2019-02-19 03:21,6
2019-02-19 03:26,0
2019-02-19 12:21,0
2019-02-19 12:30,8
2019-02-19 13:52,-1
2019-02-19 13:53,-1
2019-02-19 15:22,1
2019-02-19 16:05,0
2019-02-19 16:50,-1
2019-02-20 12:07,12
2019-02-20 12:20,1
2019-02-20 12:44,1
2019-02-20 12:54,0
2019-02-20 13:49,1
2019-02-20 14:13,-1
2019-02-20 18:56,2
2019-02-20 21:05,-1
2019-02-21 13:55,8
2019-02-21 13:59,-1
2019-02-21 14:17,2
2019-02-21 16:09,6
2019-02-21 20:10,5
2019-02-22 00:27,-1
2019-02-22 14:11,0
2019-02-22 14:55,1
2019-02-22 16:01,6
2019-02-22 23:02,-1
2019-02-23 17:30,-1
2019-02-23 17:52,2
2019-02-23 20:00,-1
2019-02-24 00:01,3
2019-02-24 03:35,-1
2019-02-24 12:43,4
2019-02-24 12:58,14
2019-02-24 14:56,2
2019-02-24 15:02,-1
2019-02-24 16:51,0
2019-02-24 17:27,14
2019-02-24 22:39,11
2019-02-24 22:50,11
2019-02-25 11:32,2
2019-02-25 11:50,-1
2019-02-25 11:58,-1
2019-02-25 12:53,3
2019-02-25 12:58,2
2019-02-25 15:01,2
2019-02-25 15:12,8
2019-02-25 19:08,16
2019-02-25 19:08,16
2019-02-25 20:17,14
2019-02-26 00:04,11
2019-02-26 01:50,15
2019-02-26 01:50,2
2019-02-26 15:08,4
2019-02-27 02:31,14
2019-02-27 02:36,14
2019-02-27 07:58,-1
2019-02-27 09:08,-1
2019-02-27 09:20,-1
2019-02-27 09:45,14
2019-02-27 15:36,14
2019-02-27 15:38,14
2019-02-28 10:25,-1
2019-03-01 04:35,4
2019-03-01 12:49,14
2019-03-01 13:00,-1
2019-03-01 13:08,-1
2019-03-01 13:19,0
2019-03-01 13:26,0
2019-03-01 13:37,-1
2019-03-01 21:03,14
2019-03-01 21:03,-1
2019-03-01 23:08,-1
2019-03-01 23:08,11
2019-03-02 16:21,6
2019-03-03 00:27,-1
2019-03-03 00:34,-1
2019-03-03 00:48,-1
2019-03-03 01:39,-1
2019-03-03 15:44,1
2019-03-03 16:02,0
2019-03-03 19:23,0
2019-03-03 19:52,-1
2019-03-03 20:18,14
2019-03-04 00:02,-1
2019-03-04 00:08,-1
2019-03-04 01:01,14
2019-03-04 01:24,-1
2019-03-04 01:28,1
2019-03-04 03:10,-1
2019-03-04 19:53,14
2019-03-04 20:06,-1
2019-03-04 20:17,-1
2019-03-05 01:59,-1
2019-03-05 02:04,1
2019-03-05 02:10,1
2019-03-05 03:50,-1
2019-03-05 04:33,13
2019-03-05 13:14,0
2019-03-05 13:22,9
2019-03-05 14:11,0
2019-03-05 14:12,-1
2019-03-05 14:15,-1
2019-03-05 19:49,4
2019-03-05 22:18,0
2019-03-06 04:27,3
2019-03-06 17:54,2
2019-03-06 19:50,13
2019-03-06 23:56,-1
2019-03-07 00:02,2
2019-03-07 00:05,1
2019-03-07 14:24,1
2019-03-07 14:38,2
2019-03-07 22:39,-1
2019-03-08 12:24,2
2019-03-08 12:32,1
2019-03-08 12:34,-1
2019-03-08 13:54,2
2019-03-08 16:04,-1
2019-03-08 20:45,-1
2019-03-08 23:00,-1
2019-03-09 01:18,-1
2019-03-09 14:07,2
2019-03-09 21:50,-1
2019-03-09 22:04,2
2019-03-09 22:13,2
2019-03-09 22:50,6
2019-03-10 04:19,17
2019-03-10 04:32,1
2019-03-10 12:02,-1
2019-03-10 12:05,8
2019-03-10 23:42,0
2019-03-11 14:12,1
2019-03-11 14:17,-1
2019-03-11 15:27,2
2019-03-12 12:12,13
2019-03-12 12:29,0
2019-03-12 14:00,-1
2019-03-12 14:12,-1
2019-03-12 22:17,10
2019-03-13 04:27,8
2019-03-13 10:50,3
2019-03-13 10:50,3
2019-03-13 11:15,1
2019-03-13 11:17,-1
2019-03-13 11:17,-1
2019-03-13 11:39,-1
2019-03-13 12:21,0
2019-03-13 13:44,1
2019-03-13 14:14,0
2019-03-13 16:43,2
2019-03-13 16:48,2
2019-03-13 22:35,0
2019-03-13 22:47,0
2019-03-13 22:52,3
2019-03-14 10:28,-1
2019-03-14 10:44,2
2019-03-14 11:22,11
2019-03-14 11:54,2
2019-03-14 14:13,2
2019-03-14 14:13,3
2019-03-14 14:46,-1
2019-03-14 16:18,-1
2019-03-14 19:16,-1
2019-03-14 19:43,2
2019-03-15 11:41,4
2019-03-15 12:03,13
2019-03-15 12:15,0
2019-03-15 13:47,0
2019-03-15 13:55,0
2019-03-15 13:56,-1
2019-03-15 17:42,2
2019-03-15 20:46,-1
2019-03-16 15:50,-1
2019-03-16 16:06,0
2019-03-16 19:32,-1
2019-03-16 20:46,0
2019-03-16 21:07,-1
2019-03-16 21:22,10
2019-03-17 11:59,1
2019-03-17 12:13,0
2019-03-17 12:23,0
2019-03-17 12:41,0
2019-03-17 13:18,-1
2019-03-17 13:33,4
2019-03-17 13:44,6
2019-03-17 18:18,1
2019-03-17 20:58,2
2019-03-17 22:27,-1
2019-03-17 23:16,-1
2019-03-18 02:04,-1
2019-03-18 11:37,-1
2019-03-18 11:45,-1
2019-03-18 11:55,-1
2019-03-18 13:14,12
2019-03-18 13:38,1
2019-03-18 15:07,0
2019-03-18 16:00,8
2019-03-18 21:35,-1
2019-03-18 22:29,1
2019-03-19 01:32,-1
2019-03-19 01:38,-1
2019-03-19 03:48,-1
2019-03-19 12:24,1
2019-03-19 13:57,1
2019-03-19 15:32,6
2019-03-19 16:04,-1
2019-03-19 21:28,8
2019-03-19 23:23,6
2019-03-20 02:05,7
2019-03-20 02:17,7
2019-03-20 03:53,6
2019-03-20 04:04,17
2019-03-20 11:51,-1
2019-03-20 20:23,5
2019-03-20 20:51,-1
2019-03-20 20:57,6
2019-03-20 21:25,13
2019-03-21 02:00,-1
2019-03-21 02:04,0
2019-03-21 02:40,0
2019-03-21 16:50,13
2019-03-21 20:12,-1
2019-03-21 21:12,4
2019-03-22 10:52,8
2019-03-22 16:15,13
2019-03-22 16:15,4
2019-03-22 16:47,17
2019-03-22 17:22,14
2019-03-22 20:15,4
2019-03-24 12:01,-1
2019-03-24 12:02,-1
2019-03-24 20:42,0
2019-03-25 10:10,0
2019-03-25 10:20,0
2019-03-25 10:25,1
2019-03-25 15:22,-1
2019-03-25 18:10,13
2019-03-26 01:54,-1
2019-03-26 10:54,0
2019-03-26 14:49,-1
2019-03-26 16:58,15
2019-03-26 20:36,1
2019-03-26 21:31,2
2019-03-27 00:39,1
2019-03-27 01:10,-1
2019-03-27 01:27,1
2019-03-27 18:47,0
2019-03-27 20:48,4
2019-03-27 23:17,-1
2019-03-28 02:40,-1
2019-03-28 10:05,5
2019-03-28 10:13,1
2019-03-28 10:24,2
2019-03-28 10:34,0
2019-03-28 10:43,3
2019-03-28 11:04,1
2019-03-28 12:30,-1
2019-03-28 15:11,-1
2019-03-28 19:41,15
2019-03-28 19:51,2
2019-03-28 21:06,5
2019-03-29 01:16,5
2019-03-29 02:30,5
2019-03-29 02:41,-1
2019-03-29 03:23,6
2019-03-29 12:48,4
2019-03-29 15:09,-1
2019-03-29 15:23,2
2019-03-29 15:37,2
2019-03-29 15:43,2
2019-03-29 21:41,-1
2019-03-29 22:31,0
2019-03-29 23:15,3
2019-03-29 23:25,-1
2019-03-30 12:14,-1
2019-03-30 20:31,2
2019-03-30 20:36,2
2019-03-30 22:24,16
2019-03-31 19:21,0
2019-03-31 19:39,3
2019-03-31 23:41,2
2019-04-01 12:07,0
2019-04-01 12:13,2
2019-04-01 13:03,-1
2019-04-01 13:41,15
2019-04-01 14:43,0
2019-04-01 16:47,15
2019-04-02 02:50,-1
2019-04-02 03:11,-1
2019-04-02 03:38,-1
2019-04-02 11:33,-1
2019-04-02 11:45,-1
2019-04-02 11:58,0
2019-04-02 12:46,0
2019-04-02 12:54,3
2019-04-02 14:41,2
2019-04-02 14:52,2
2019-04-03 13:26,15
2019-04-03 13:37,15
2019-04-03 13:45,2
2019-04-03 17:09,-1
2019-04-04 11:49,-1
2019-04-04 12:01,11
2019-04-04 12:22,0
2019-04-04 12:46,-1
2019-04-04 15:04,1
2019-04-04 17:53,6
2019-04-04 22:55,6
2019-04-04 23:42,2
2019-04-04 23:45,2
2019-04-04 23:47,2
2019-04-05 13:11,2
2019-04-05 13:22,2
2019-04-05 17:41,-1
2019-04-05 17:48,2
2019-04-05 19:10,5
2019-04-05 22:16,2
2019-04-06 01:25,6
2019-04-06 13:57,6
2019-04-06 14:22,0
2019-04-06 14:31,0
2019-04-06 15:52,0
2019-04-06 15:57,0
2019-04-06 20:19,0
2019-04-06 20:48,-1
2019-04-06 23:33,2
2019-04-06 23:36,2
2019-04-06 23:36,2
2019-04-07 13:50,0
2019-04-07 19:50,4
2019-04-07 22:02,-1
2019-04-07 22:02,-1
2019-04-08 00:45,2
2019-04-08 01:03,2
2019-04-08 11:39,0
2019-04-08 11:44,3
2019-04-08 12:22,13
2019-04-08 16:48,3
2019-04-09 03:10,2
2019-04-09 11:34,11
2019-04-09 12:16,2
2019-04-09 12:33,-1
2019-04-09 12:44,1
2019-04-09 15:36,13
2019-04-09 16:09,13
2019-04-09 18:32,6
2019-04-09 19:15,-1
2019-04-10 01:01,0
2019-04-10 01:22,2
2019-04-10 02:22,2
2019-04-10 14:48,13
2019-04-10 19:17,13
2019-04-10 19:45,0
2019-04-10 21:41,-1
2019-04-11 02:33,2
2019-04-11 02:52,11
2019-04-11 11:20,6
2019-04-11 15:20,0
2019-04-11 15:35,-1
2019-04-11 21:23,-1
2019-04-11 23:14,2
2019-04-11 23:57,-1
2019-04-12 00:46,8
2019-04-12 13:06,0
2019-04-12 13:37,0
2019-04-12 13:46,0
2019-04-12 14:19,2
2019-04-12 16:38,2
2019-04-12 16:38,2
2019-04-12 21:35,6
2019-04-13 02:30,-1
2019-04-13 02:59,1
2019-04-13 03:33,1
2019-04-13 03:51,2
2019-04-13 11:54,14
2019-04-13 12:21,0
2019-04-13 23:30,1
2019-04-13 23:38,1
2019-04-13 23:51,0
2019-04-14 00:01,-1
2019-04-14 00:08,2
2019-04-14 01:47,-1
2019-04-14 14:04,-1
2019-04-14 18:36,-1
2019-04-14 19:10,5
2019-04-15 00:28,3
2019-04-15 01:42,9
2019-04-15 10:29,-1
2019-04-15 11:15,0
2019-04-15 11:28,2
2019-04-15 13:30,3
2019-04-15 13:52,0
2019-04-15 14:15,3
2019-04-15 15:33,-1
2019-04-15 15:33,2
2019-04-15 16:05,2
2019-04-15 16:21,0
2019-04-15 16:24,0
2019-04-15 17:35,-1
2019-04-15 17:39,-1
2019-04-15 21:57,8
2019-04-15 21:58,-1
2019-04-16 13:02,0
2019-04-16 13:34,0
2019-04-16 14:11,1
2019-04-17 00:57,1
2019-04-17 01:11,-1
2019-04-17 01:24,-1
2019-04-17 11:34,0
2019-04-17 11:45,2
2019-04-17 16:14,4
2019-04-18 01:07,7
2019-04-18 11:54,0
2019-04-18 12:07,-1
2019-04-18 12:54,0
2019-04-18 13:57,-1
2019-04-18 16:59,0
2019-04-18 21:31,0
2019-04-18 23:28,0
2019-04-18 23:46,0
2019-04-19 00:27,0
2019-04-19 00:38,0
2019-04-19 02:34,-1
2019-04-19 11:53,0
2019-04-19 12:08,-1
2019-04-19 20:47,0
2019-04-19 21:23,1
2019-04-19 21:41,3
2019-04-19 22:51,0
2019-04-19 23:10,13
2019-04-20 11:53,0
2019-04-20 12:02,0
2019-04-20 12:15,0
2019-04-20 15:52,-1
2019-04-20 21:46,-1
2019-04-20 22:09,-1
2019-04-21 01:44,-1
2019-04-21 01:53,6
2019-04-21 11:04,-1
2019-04-21 11:20,4
2019-04-21 11:40,1
2019-04-21 12:37,0
2019-04-21 12:51,0
2019-04-21 13:55,8
2019-04-21 14:23,0
2019-04-21 22:35,3
2019-04-22 12:52,6
2019-04-22 13:37,-1
2019-04-22 13:47,3
2019-04-22 14:11,6
2019-04-22 14:18,6
2019-04-22 16:16,5
2019-04-22 18:05,13
2019-04-22 19:31,0
2019-04-22 19:41,4
2019-04-22 21:30,-1
2019-04-22 21:35,-1
2019-04-23 09:59,1
2019-04-23 10:08,1
2019-04-23 10:14,5
2019-04-23 10:27,8
2019-04-23 10:44,1
2019-04-23 11:26,1
2019-04-23 11:46,8
2019-04-23 11:47,-1
2019-04-23 20:54,-1
2019-04-23 22:43,8
2019-04-24 00:46,-1
2019-04-24 11:04,0
2019-04-24 11:18,-1
2019-04-24 11:25,2
2019-04-24 12:00,2
2019-04-24 12:10,0
2019-04-24 12:18,0
2019-04-24 13:34,2
2019-04-24 13:47,0
2019-04-24 13:52,0
2019-04-24 14:09,1
2019-04-24 16:54,4
2019-04-24 18:40,4
2019-04-24 23:01,-1
2019-04-25 11:47,0
2019-04-25 11:57,0
2019-04-25 12:09,0
2019-04-25 12:22,12
2019-04-25 18:09,8
2019-04-25 18:11,-1
2019-04-26 11:12,-1
2019-04-26 11:32,-1
2019-04-26 12:39,-1
2019-04-26 14:25,8
2019-04-26 18:31,-1
2019-04-26 19:13,8
2019-04-26 22:57,-1
2019-04-27 12:06,5
2019-04-27 21:41,4
2019-04-27 22:47,4
2019-04-28 01:58,5
2019-04-28 02:07,5
2019-04-28 02:57,0
2019-04-28 02:57,-1
2019-04-28 03:10,0
2019-04-28 03:10,12
2019-04-29 10:49,4
2019-04-29 12:18,10
2019-04-29 13:23,10
2019-04-29 14:32,-1
2019-04-29 14:42,-1
2019-04-29 14:51,-1
2019-04-29 14:55,3
2019-04-29 15:06,0
2019-04-29 15:20,1
2019-04-29 23:13,8
2019-04-30 01:17,2
2019-04-30 01:23,2
2019-04-30 16:31,13
2019-04-30 18:23,-1
2019-04-30 21:09,-1
2019-04-30 21:09,-1
2019-05-01 10:36,0
2019-05-01 10:50,8
2019-05-01 11:01,8
2019-05-01 11:11,-1
2019-05-01 12:06,2
2019-05-01 12:28,0
2019-05-01 13:03,0
2019-05-02 01:58,-1
2019-05-02 02:53,-1
2019-05-02 03:09,-1
2019-05-02 03:14,0
2019-05-02 16:56,4
2019-05-02 20:55,4
2019-05-02 21:33,-1
2019-05-03 01:01,6
2019-05-03 03:45,0
2019-05-03 03:45,2
2019-05-03 12:22,-1
2019-05-03 13:35,8
2019-05-03 15:18,8
2019-05-03 16:22,-1
2019-05-03 17:06,-1
2019-05-03 17:06,14
2019-05-03 22:55,1
2019-05-03 23:23,1
2019-05-03 23:25,1
2019-05-04 01:52,0
2019-05-04 12:00,6
2019-05-04 12:34,0
2019-05-04 13:42,14
2019-05-04 13:49,-1
2019-05-04 18:31,1
2019-05-05 14:55,2
2019-05-05 16:08,11
2019-05-05 16:08,11
2019-05-05 18:03,0
2019-05-05 18:03,0
2019-05-06 00:13,13
2019-05-06 00:13,13
2019-05-06 03:05,8
2019-05-06 03:05,0
2019-05-06 10:46,3
2019-05-06 10:46,0
2019-05-06 11:08,11
2019-05-06 13:30,2
2019-05-06 13:48,-1
2019-05-06 13:48,-1
2019-05-06 20:00,4
2019-05-07 14:49,2
2019-05-07 18:57,-1
2019-05-08 01:15,3
2019-05-08 01:51,5
2019-05-08 10:17,17
2019-05-08 10:56,1
2019-05-08 10:56,1
2019-05-08 12:48,11
2019-05-08 12:48,11
2019-05-08 12:57,0
2019-05-08 13:42,2
2019-05-08 15:18,-1
2019-05-08 15:18,-1
2019-05-08 15:48,-1
2019-05-08 21:01,-1
2019-05-09 01:51,5
2019-05-09 03:05,-1
2019-05-09 03:18,-1
2019-05-09 22:34,9
2019-05-09 23:11,2
2019-05-10 03:00,0
2019-05-10 11:24,11
2019-05-10 11:43,11
2019-05-10 12:08,11
2019-05-10 12:55,11
2019-05-10 13:20,12
2019-05-10 19:14,11
2019-05-11 13:55,11
2019-05-11 18:32,3
2019-05-11 18:44,0
2019-05-11 22:18,11
2019-05-11 22:18,11
2019-05-11 22:39,0
2019-05-12 10:33,2
2019-05-12 10:33,-1
2019-05-12 11:04,0
2019-05-12 11:04,0
2019-05-12 17:12,1
2019-05-12 21:06,11
2019-05-12 21:35,8
2019-05-12 21:35,8
2019-05-12 23:10,0
2019-05-12 23:16,0
2019-05-12 23:19,2
2019-05-12 23:22,12
2019-05-13 01:19,0
2019-05-13 02:00,0
2019-05-13 02:00,0
2019-05-13 02:00,0
2019-05-13 10:09,0
2019-05-13 10:09,8
2019-05-13 10:49,11
2019-05-13 13:59,8
2019-05-13 14:09,13
2019-05-13 15:55,11
2019-05-13 15:55,11
2019-05-13 21:34,-1
2019-05-13 21:38,-1
2019-05-13 21:41,-1
2019-05-13 23:15,4
2019-05-14 10:15,-1
2019-05-14 10:31,11
2019-05-14 10:31,11
2019-05-14 10:51,11
2019-05-14 11:16,11
2019-05-14 11:16,11
2019-05-14 12:35,11
2019-05-14 16:27,13
2019-05-15 00:25,-1
2019-05-15 12:53,-1
2019-05-15 18:20,4
2019-05-15 18:56,4
2019-05-15 19:10,1
2019-05-15 19:10,16
2019-05-16 12:33,10
2019-05-16 19:13,2
2019-05-16 22:11,10
2019-05-17 10:51,2
2019-05-17 11:00,-1
2019-05-17 11:01,-1
2019-05-17 11:05,0
2019-05-17 11:11,0
2019-05-17 12:16,0
2019-05-17 13:44,1
2019-05-17 14:35,-1
2019-05-17 16:53,1
2019-05-17 22:49,1
2019-05-18 15:55,4
2019-05-18 22:33,2
2019-05-19 03:37,2
2019-05-19 03:37,4
2019-05-19 03:37,17
2019-05-19 12:49,1
2019-05-19 12:49,-1
2019-05-19 13:55,0
2019-05-19 13:55,0
2019-05-19 18:50,1
2019-05-19 19:48,-1
2019-05-19 20:15,2
2019-05-19 20:25,16
2019-05-19 21:15,1
2019-05-20 02:29,-1
2019-05-20 11:20,1
2019-05-20 12:13,0
2019-05-20 14:08,12
2019-05-20 17:28,-1
2019-05-20 17:30,1
2019-05-21 01:04,5
2019-05-21 02:02,7
2019-05-21 16:16,2
2019-05-21 16:16,2
2019-05-21 21:22,-1
2019-05-22 00:32,0
2019-05-22 00:51,0
2019-05-22 01:02,0
2019-05-22 02:20,5
2019-05-22 09:55,0
2019-05-22 10:03,-1
2019-05-22 11:22,2
2019-05-22 13:50,0
2019-05-22 15:11,0
2019-05-22 15:15,0
2019-05-22 17:01,3
2019-05-22 17:01,8
2019-05-22 17:02,3
2019-05-23 02:28,3
2019-05-23 02:31,0
2019-05-23 02:54,2
2019-05-23 11:56,0
2019-05-23 11:56,-1
2019-05-23 11:58,3
2019-05-23 12:29,-1
2019-05-23 14:13,3
2019-05-23 14:27,0
2019-05-23 17:13,-1
2019-05-24 00:19,0
2019-05-24 00:19,1
2019-05-24 00:19,0
2019-05-24 00:39,3
2019-05-24 01:09,3
2019-05-24 01:19,8
2019-05-24 03:19,1
2019-05-24 03:29,1
2019-05-24 03:49,0
2019-05-24 12:19,3
2019-05-24 12:34,0
2019-05-24 18:00,-1
2019-05-24 19:01,-1
2019-05-24 20:22,-1
2019-05-24 20:56,17
2019-05-24 21:41,0
2019-05-25 00:38,-1
2019-05-25 06:57,11
2019-05-25 07:20,-1
2019-05-25 07:32,5
2019-05-25 07:48,-1
2019-05-25 19:35,2
2019-05-25 19:55,6
2019-05-25 20:43,0
2019-05-26 01:32,14
2019-05-26 04:07,-1
2019-05-26 04:37,-1
2019-05-26 04:39,11
2019-05-26 11:48,-1
2019-05-26 12:26,-1
2019-05-26 12:40,0
2019-05-26 12:53,5
2019-05-26 20:48,5
2019-05-27 03:27,6
2019-05-27 08:57,1
2019-05-27 09:10,8
2019-05-27 09:13,0
2019-05-27 12:54,-1
2019-05-27 12:57,-1
2019-05-27 13:56,0
2019-05-27 14:33,-1
2019-05-27 15:24,13
2019-05-27 21:16,-1
2019-05-27 22:35,-1
2019-05-27 22:57,-1
2019-05-28 00:36,6
2019-05-28 12:39,-1
2019-05-28 21:58,14
2019-05-29 00:22,-1
2019-05-29 00:33,-1
2019-05-29 11:40,-1
2019-05-29 11:40,-1
2019-05-29 15:37,0
2019-05-30 00:32,3
2019-05-30 00:59,4
2019-05-30 11:21,-1
2019-05-30 11:57,0
2019-05-30 11:57,0
2019-05-30 14:41,0
2019-05-30 15:34,0
2019-05-30 16:27,15
2019-05-30 16:28,-1
2019-05-30 16:30,-1
2019-05-30 21:16,2
2019-05-30 22:23,1
2019-05-30 23:30,2
2019-05-30 23:30,11
2019-05-31 13:14,2
2019-05-31 13:30,2
2019-05-31 14:27,2
2019-05-31 14:41,2
2019-05-31 18:11,-1
2019-05-31 19:12,4
2019-05-31 19:12,-1
2019-05-31 20:02,6
2019-05-31 20:35,4
2019-06-01 20:37,11
2019-06-01 20:37,2
2019-06-01 22:20,11
2019-06-01 23:23,4
2019-06-02 11:44,2
2019-06-02 11:44,-1
2019-06-02 11:53,2
2019-06-02 12:30,0
2019-06-02 12:44,1
2019-06-02 18:19,2
2019-06-02 23:43,3
2019-06-02 23:49,13
2019-06-03 01:44,-1
2019-06-03 07:51,-1
2019-06-03 07:51,-1
2019-06-03 10:07,11
2019-06-03 10:37,1
2019-06-03 10:50,1
2019-06-03 17:41,-1
2019-06-03 17:41,1
2019-06-03 17:44,-1
2019-06-03 18:11,2
2019-06-04 08:17,-1
2019-06-04 18:09,2
2019-06-05 00:04,-1
2019-06-05 00:30,1
2019-06-05 05:55,12
2019-06-05 06:01,12
2019-06-05 08:02,-1
2019-06-05 08:17,1
2019-06-05 08:20,2
2019-06-05 12:18,4
2019-06-05 22:42,2
2019-06-05 22:42,2
2019-06-06 05:40,3
2019-06-06 05:55,1
2019-06-06 05:57,4
2019-06-06 07:38,4
2019-06-06 16:36,4
2019-06-06 17:55,4
2019-06-06 19:04,3
2019-06-07 06:49,0
2019-06-07 16:57,3
2019-06-07 16:57,-1
2019-06-07 17:27,2
2019-06-07 17:38,-1
2019-06-07 21:43,8
2019-06-08 00:31,-1
2019-06-08 00:31,2
2019-06-08 11:02,2
2019-06-08 12:03,11
2019-06-08 13:43,3
2019-06-08 13:47,-1
2019-06-08 14:20,-1
2019-06-08 23:25,1
2019-06-09 04:08,1
2019-06-09 12:26,11
2019-06-09 12:26,1
2019-06-09 12:26,2
2019-06-09 12:45,1
2019-06-09 13:26,8
2019-06-09 22:50,0
2019-06-09 22:50,0
2019-06-09 22:57,1
2019-06-10 10:00,2
2019-06-10 10:31,2
2019-06-10 10:31,11
2019-06-10 11:09,1
2019-06-10 18:17,0
2019-06-10 18:52,4
2019-06-10 23:01,0
2019-06-11 11:49,0
2019-06-11 11:51,-1
2019-06-11 11:54,2
2019-06-11 12:50,11
2019-06-11 17:44,-1
2019-06-12 01:21,5
2019-06-12 04:28,0
2019-06-12 12:40,5
2019-06-12 12:46,1
2019-06-12 12:46,1
2019-06-13 03:50,11
2019-06-13 10:21,-1
2019-06-13 11:03,3
2019-06-13 12:11,3
2019-06-13 13:23,-1
2019-06-13 13:23,1
2019-06-13 13:37,0
2019-06-13 13:37,0
2019-06-13 13:37,0
2019-06-13 18:01,6
2019-06-13 18:21,16
2019-06-13 19:01,16
2019-06-13 20:10,5
2019-06-13 20:10,5
2019-06-14 17:03,4
2019-06-14 19:15,1
2019-06-15 11:44,12
2019-06-15 12:05,1
2019-06-15 12:51,-1
2019-06-15 13:44,8
2019-06-15 18:47,-1
2019-06-15 19:04,1
2019-06-15 23:17,-1
2019-06-16 01:15,-1
2019-06-16 01:15,1
2019-06-16 04:51,-1
2019-06-16 04:51,-1
2019-06-16 11:39,-1
2019-06-16 13:39,1
2019-06-16 13:55,-1
2019-06-16 16:58,-1
2019-06-16 19:00,13
2019-06-16 20:36,0
2019-06-16 21:23,3
2019-06-16 22:55,3
2019-06-17 02:18,-1
2019-06-17 12:00,5
2019-06-17 12:07,1
2019-06-18 01:20,2
2019-06-18 01:20,2
2019-06-18 01:39,5
2019-06-18 02:13,1
2019-06-18 04:51,0
2019-06-18 05:10,3
2019-06-18 11:30,-1
2019-06-18 13:39,-1
2019-06-19 01:48,5
2019-06-19 01:52,-1
2019-06-19 02:04,-1
2019-06-19 02:13,8
2019-06-19 12:54,-1
2019-06-19 14:18,0
2019-06-19 14:18,0
2019-06-19 15:09,0
2019-06-19 19:48,0
2019-06-19 19:48,0
2019-06-19 23:01,-1
2019-06-20 00:12,8
2019-06-20 14:15,16
2019-06-20 22:22,-1
2019-06-21 12:19,1
2019-06-21 12:19,0
2019-06-21 13:03,16
2019-06-21 13:03,16
2019-06-21 13:03,16
2019-06-21 19:50,-1
2019-06-22 12:30,2
2019-06-22 12:32,2
2019-06-22 16:47,6
2019-06-22 16:48,-1
2019-06-22 16:55,16
2019-06-22 18:56,2
2019-06-22 18:56,16
2019-06-22 18:56,16
2019-06-22 21:24,-1
2019-06-22 22:58,16
2019-06-23 12:13,2
2019-06-23 13:20,4
2019-06-23 14:46,11
2019-06-24 00:41,-1
2019-06-24 12:08,11
2019-06-24 12:08,16
2019-06-24 12:53,-1
2019-06-24 14:12,-1
2019-06-25 12:11,8
2019-06-25 14:42,16
2019-06-25 14:42,16
2019-06-25 14:42,16
2019-06-25 22:20,5
2019-06-26 02:34,-1
2019-06-26 11:13,2
2019-06-26 14:42,-1
2019-06-26 14:42,3
2019-06-26 18:26,2
2019-06-26 20:24,2
2019-06-26 21:47,2
2019-06-26 22:47,0
2019-06-26 22:47,-1
2019-06-26 23:14,-1
2019-06-27 00:02,2
2019-06-27 01:35,6
2019-06-27 02:06,1
2019-06-27 02:33,-1
2019-06-27 02:40,-1
2019-06-27 03:47,11
2019-06-27 09:36,1
2019-06-27 17:37,-1
2019-06-27 17:37,-1
2019-06-27 22:22,2
2019-06-28 01:37,15
2019-06-28 09:12,8
2019-06-28 09:26,12
2019-06-28 22:41,-1
2019-06-28 22:51,14
2019-06-29 10:11,6
2019-06-29 22:32,11
2019-06-29 22:35,14
2019-06-30 00:07,11
2019-06-30 00:29,8
2019-06-30 10:21,14
2019-07-01 00:47,-1
2019-07-01 03:17,4
2019-07-01 03:50,8
2019-07-01 15:02,-1
2019-07-01 16:10,10
2019-07-01 16:37,10
2019-07-01 22:16,14
2019-07-02 11:21,10
2019-07-02 11:21,-1
2019-07-02 11:50,8
2019-07-02 14:25,4
2019-07-02 14:51,0
2019-07-02 22:05,4
2019-07-02 22:43,-1
2019-07-03 02:33,-1
2019-07-03 02:33,-1
2019-07-03 04:06,16
2019-07-03 12:16,4
2019-07-03 12:27,8
2019-07-03 14:21,11
2019-07-03 14:30,-1
2019-07-03 14:47,-1
2019-07-03 15:06,-1
2019-07-03 19:31,2
2019-07-03 19:31,2
2019-07-03 19:31,2
2019-07-03 20:22,2
2019-07-03 20:23,2
2019-07-03 20:33,16
2019-07-04 03:44,8
2019-07-04 11:20,-1
2019-07-04 11:23,-1
2019-07-04 12:41,4
2019-07-04 12:41,-1
2019-07-04 13:05,-1
2019-07-04 18:03,4
2019-07-05 00:01,-1
2019-07-05 00:28,5
2019-07-05 03:16,-1
2019-07-05 14:28,-1
2019-07-05 14:30,-1
2019-07-05 21:47,4
2019-07-06 03:24,-1
2019-07-06 03:24,8
2019-07-06 12:11,4
2019-07-06 12:17,2
2019-07-06 12:45,12
2019-07-07 13:03,-1
2019-07-07 13:13,-1
2019-07-07 19:11,-1
2019-07-07 19:48,1
2019-07-07 19:48,2
2019-07-07 21:09,2
2019-07-07 23:50,1
2019-07-08 03:17,1
2019-07-08 14:27,-1
2019-07-08 16:40,0
2019-07-08 18:31,-1
2019-07-08 18:31,-1
2019-07-09 11:48,-1
2019-07-09 11:48,-1
2019-07-09 12:18,5
2019-07-09 12:38,8
2019-07-09 12:42,8
2019-07-09 12:44,11
2019-07-09 14:31,-1
2019-07-10 00:13,-1
2019-07-10 00:13,-1
2019-07-10 01:30,2
2019-07-10 01:30,-1
2019-07-10 01:36,-1
2019-07-10 01:44,-1
2019-07-10 02:07,-1
2019-07-10 02:50,-1
2019-07-10 03:30,0
2019-07-10 14:14,16
2019-07-10 15:06,17
2019-07-10 15:06,8
2019-07-10 16:59,15
2019-07-10 23:19,6
2019-07-11 00:06,-1
2019-07-11 00:08,6
2019-07-11 00:12,6
2019-07-11 11:37,5
2019-07-11 11:45,1
2019-07-11 12:08,2
2019-07-11 14:52,8
2019-07-11 15:52,1
2019-07-12 00:15,-1
2019-07-12 02:29,4
2019-07-12 13:01,1
2019-07-13 04:10,7
2019-07-13 11:56,-1
2019-07-13 12:20,0
2019-07-13 21:19,-1
2019-07-13 21:19,17
2019-07-13 21:21,-1
2019-07-14 12:27,3
2019-07-14 12:27,-1
2019-07-14 12:27,3
2019-07-14 13:45,2
2019-07-14 13:45,1
2019-07-14 18:31,0
2019-07-15 00:02,13
2019-07-15 00:02,3
2019-07-15 02:17,-1
2019-07-15 10:43,11
2019-07-15 10:43,11
2019-07-15 10:54,13
2019-07-15 11:42,13
2019-07-15 13:58,13
2019-07-15 13:58,3
2019-07-15 13:58,2
2019-07-15 14:49,1
2019-07-15 21:08,-1
2019-07-15 21:08,2
2019-07-15 21:08,8
2019-07-15 21:26,13
2019-07-15 21:43,2
2019-07-15 21:56,-1
2019-07-16 02:03,8
2019-07-16 11:20,3
2019-07-16 11:20,3
2019-07-16 11:46,-1
2019-07-16 12:00,1
2019-07-16 12:17,4
2019-07-16 13:59,-1
2019-07-16 13:59,3
2019-07-16 15:11,-1
2019-07-16 21:44,5
2019-07-16 22:05,4
2019-07-17 03:05,13
2019-07-17 03:05,3
2019-07-17 11:18,-1
2019-07-17 11:18,-1
2019-07-17 11:18,12
2019-07-17 11:20,-1
2019-07-17 12:46,5
2019-07-17 14:16,13
2019-07-17 14:30,-1
2019-07-17 16:18,-1
2019-07-17 19:35,5
2019-07-17 22:24,3
2019-07-17 22:24,8
2019-07-18 01:05,5
2019-07-18 01:15,-1
2019-07-18 01:42,-1
2019-07-18 03:51,5
2019-07-18 14:54,-1
2019-07-18 14:54,-1
2019-07-18 15:10,2
2019-07-18 20:13,16
2019-07-18 20:35,4
2019-07-18 21:33,10
2019-07-18 22:14,4
2019-07-19 00:22,-1
2019-07-19 02:54,-1
2019-07-19 12:16,-1
2019-07-19 14:47,6
2019-07-19 20:01,9
2019-07-20 10:41,-1
2019-07-20 10:57,-1
2019-07-20 11:18,8
2019-07-20 13:52,9
2019-07-20 14:03,-1
2019-07-20 22:56,8
2019-07-21 10:40,-1
2019-07-21 10:54,8
2019-07-21 11:14,2
2019-07-21 11:58,-1
2019-07-21 11:59,-1
2019-07-21 12:00,-1
2019-07-21 12:07,13
2019-07-21 20:33,13
2019-07-21 20:33,13
2019-07-22 02:16,-1
2019-07-22 02:16,3
2019-07-22 02:47,-1
2019-07-22 02:55,1
2019-07-22 12:02,-1
2019-07-22 12:37,1
2019-07-22 12:38,1
2019-07-22 12:53,0
2019-07-22 12:53,0
2019-07-22 13:08,1
2019-07-22 14:48,-1
2019-07-22 21:44,3
2019-07-22 21:44,4
2019-07-22 23:16,2
2019-07-23 02:38,0
2019-07-23 11:25,3
2019-07-23 11:25,8
2019-07-23 11:29,-1
2019-07-23 11:43,-1
2019-07-23 12:23,2
2019-07-23 12:51,5
2019-07-23 14:04,2
2019-07-23 18:43,5
2019-07-23 23:32,0
2019-07-23 23:43,6
2019-07-24 00:18,4
2019-07-24 02:29,0
2019-07-24 10:50,0
2019-07-24 11:03,0
2019-07-24 11:36,0
2019-07-24 11:43,0
2019-07-24 11:55,0
2019-07-24 12:10,-1
2019-07-24 12:18,0
2019-07-24 14:11,0
2019-07-24 14:51,0
2019-07-24 17:04,0
2019-07-24 19:33,6
2019-07-24 21:33,0
2019-07-24 21:52,-1
2019-07-24 22:22,3
2019-07-24 23:33,-1
2019-07-25 00:52,6
2019-07-25 00:58,6
2019-07-25 11:06,0
2019-07-25 11:06,3
2019-07-25 12:07,8
2019-07-25 18:03,10
2019-07-25 18:03,-1
2019-07-25 21:19,9
2019-07-25 21:24,9
2019-07-25 23:25,4
2019-07-26 11:00,-1
2019-07-26 13:58,0
2019-07-26 13:58,1
2019-07-26 14:02,-1
2019-07-26 15:25,11
2019-07-26 16:32,-1
2019-07-26 18:29,11
2019-07-26 22:18,-1
2019-07-26 22:37,2
2019-07-27 00:21,-1
2019-07-27 11:14,-1
2019-07-27 11:14,-1
2019-07-27 11:24,-1
2019-07-27 19:55,10
2019-07-27 20:15,0
2019-07-27 20:24,3
2019-07-27 20:51,-1
2019-07-27 21:10,2
2019-07-27 21:35,-1
2019-07-27 21:55,0
2019-07-27 22:15,0
2019-07-28 01:50,10
2019-07-28 02:02,10
2019-07-28 03:28,0
2019-07-28 03:28,0
2019-07-28 03:35,-1
2019-07-28 03:49,0
2019-07-28 04:02,0
2019-07-28 04:17,-1
2019-07-28 10:56,0
2019-07-28 11:28,-1
2019-07-28 11:28,-1
2019-07-28 11:39,3
2019-07-28 12:12,-1
2019-07-28 18:35,-1
2019-07-28 19:18,-1
2019-07-28 19:34,-1
2019-07-28 20:45,5
2019-07-28 20:45,-1
2019-07-29 01:47,2
2019-07-29 01:51,2
2019-07-29 10:30,-1
2019-07-29 10:49,-1
2019-07-29 11:04,-1
2019-07-29 11:26,-1
2019-07-29 12:46,-1
2019-07-29 12:46,-1
2019-07-29 19:10,-1
2019-07-29 20:28,-1
2019-07-29 20:40,16
2019-07-29 22:24,5
2019-07-30 01:34,-1
2019-07-30 01:45,-1
2019-07-30 02:46,-1
2019-07-30 10:38,13
2019-07-30 11:09,11
2019-07-30 12:11,1
2019-07-30 12:15,2
2019-07-30 13:52,1
2019-07-30 16:41,7
2019-07-30 16:43,6
2019-07-30 16:52,6
2019-07-30 23:26,17
2019-07-30 23:26,0
2019-07-31 14:08,0
2019-07-31 14:20,8
2019-07-31 14:36,-1
2019-07-31 15:31,-1
2019-07-31 15:31,1
2019-07-31 19:58,-1
2019-07-31 19:58,0
2019-07-31 21:59,-1
2019-07-31 22:43,4
2019-07-31 23:06,12
2019-08-01 01:46,2
2019-08-01 04:05,8
2019-08-01 04:05,4
2019-08-01 14:24,12
2019-08-01 14:44,5
2019-08-01 16:08,-1
2019-08-01 17:26,11
2019-08-02 01:03,5
2019-08-02 01:18,5
2019-08-02 02:44,5
2019-08-02 11:58,-1
2019-08-02 15:05,14
2019-08-02 17:41,-1
2019-08-02 18:06,-1
2019-08-02 18:06,5
2019-08-02 20:50,-1
2019-08-03 12:41,11
2019-08-03 12:46,11
2019-08-03 20:10,4
2019-08-03 20:57,4
2019-08-04 04:19,4
2019-08-04 04:19,4
2019-08-04 12:13,4
2019-08-04 19:38,5
2019-08-04 19:49,4
2019-08-04 19:49,4
2019-08-05 10:54,2
2019-08-05 10:54,2
2019-08-05 11:32,1
2019-08-05 12:12,11
2019-08-05 15:58,11
2019-08-05 17:10,-1
2019-08-05 18:12,-1
2019-08-06 01:33,7
2019-08-06 10:47,0
2019-08-06 10:57,-1
2019-08-06 12:00,11
2019-08-06 12:36,11
2019-08-06 17:51,1
2019-08-06 17:51,-1
2019-08-06 17:51,1
2019-08-06 20:57,4
2019-08-07 03:41,10
2019-08-07 03:57,5
2019-08-07 10:21,14
2019-08-07 10:32,-1
2019-08-07 10:58,1
2019-08-07 12:46,11
2019-08-07 12:46,-1
2019-08-07 19:01,12
2019-08-07 19:48,5
2019-08-07 19:48,1
2019-08-07 19:55,1
2019-08-07 20:02,5
2019-08-07 20:25,5
2019-08-07 20:36,-1
2019-08-08 00:23,-1
2019-08-08 00:31,5
2019-08-08 00:48,3
2019-08-08 01:43,5
2019-08-08 03:02,5
2019-08-08 04:20,1
2019-08-08 04:20,-1
2019-08-08 14:38,-1
2019-08-08 17:51,-1
2019-08-08 17:51,-1
2019-08-08 23:12,-1
2019-08-09 12:03,-1
2019-08-09 12:03,-1
2019-08-09 18:44,1
2019-08-09 18:44,-1
2019-08-10 11:40,1
2019-08-10 11:58,14
2019-08-10 11:58,14
2019-08-10 12:07,1
2019-08-10 21:48,1
2019-08-10 21:48,10
2019-08-10 21:58,11
2019-08-10 22:27,1
2019-08-10 22:44,12
2019-08-11 02:47,-1
2019-08-11 02:47,-1
2019-08-11 21:42,4
2019-08-12 04:01,6
2019-08-12 19:47,-1
2019-08-12 21:26,16
2019-08-13 12:38,1
2019-08-13 12:49,11
2019-08-13 14:04,10
2019-08-13 14:53,1
2019-08-13 17:11,11
2019-08-13 17:17,11
2019-08-13 17:32,1
2019-08-13 20:41,10
2019-08-13 21:00,1
2019-08-14 00:46,7
2019-08-14 01:23,5
2019-08-14 19:21,11
2019-08-14 22:32,11
2019-08-14 22:32,11
2019-08-14 22:59,11
2019-08-15 11:43,1
2019-08-15 12:00,2
2019-08-15 12:26,0
2019-08-15 12:59,-1
2019-08-15 13:57,13
2019-08-15 14:04,11
2019-08-15 15:26,8
2019-08-15 16:30,1
2019-08-15 16:38,13
2019-08-15 16:52,8
2019-08-15 20:18,-1
2019-08-16 01:18,-1
2019-08-16 01:33,5
2019-08-16 02:52,5
2019-08-16 22:26,13
2019-08-16 22:37,13
2019-08-16 22:43,13
2019-08-16 22:52,-1
2019-08-17 02:44,5
2019-08-17 03:11,-1
2019-08-17 14:04,10
2019-08-17 21:49,1
2019-08-18 12:22,1
2019-08-18 12:22,1
2019-08-18 12:26,1
2019-08-18 12:34,-1
2019-08-18 18:27,11
2019-08-18 19:15,1
2019-08-18 19:24,8
2019-08-18 22:03,13
2019-08-18 22:50,-1
2019-08-18 23:57,1
2019-08-19 12:21,1
2019-08-19 13:19,-1
2019-08-19 13:44,2
2019-08-19 15:26,-1
2019-08-19 15:52,1
2019-08-19 18:38,5
2019-08-19 18:40,6
2019-08-19 23:43,-1
2019-08-20 00:07,-1
2019-08-20 02:51,-1
2019-08-20 15:42,13
2019-08-20 20:00,4
2019-08-20 23:51,-1
2019-08-21 11:34,13
2019-08-21 11:52,13
2019-08-21 12:32,8
2019-08-21 13:38,-1
2019-08-21 13:56,-1
2019-08-21 13:56,-1
2019-08-21 17:32,-1
2019-08-21 23:01,-1
2019-08-22 00:20,4
2019-08-22 12:53,-1
2019-08-22 14:21,-1
2019-08-22 23:08,-1
2019-08-23 10:49,-1
2019-08-23 11:24,8
2019-08-23 11:24,4
2019-08-23 14:59,11
2019-08-23 14:59,2
2019-08-23 14:59,11
2019-08-23 21:00,11
2019-08-23 21:00,11
2019-08-23 22:04,-1
2019-08-24 03:58,9
2019-08-24 15:00,11
2019-08-24 15:00,1
2019-08-24 15:15,15
2019-08-24 15:35,5
2019-08-24 22:52,6
2019-08-24 23:08,-1
2019-08-25 05:41,-1
2019-08-25 05:41,8
2019-08-25 15:47,-1
2019-08-25 16:38,11
2019-08-25 17:30,1
2019-08-25 23:10,-1
2019-08-25 23:30,8
2019-08-26 06:08,6
2019-08-26 06:12,-1
2019-08-26 09:25,-1
2019-08-26 09:30,-1
2019-08-26 12:26,-1
2019-08-26 18:01,-1
2019-08-27 02:30,-1
2019-08-27 14:30,-1
2019-08-27 16:37,-1
2019-08-27 21:46,-1
2019-08-27 21:49,1
2019-08-27 22:04,-1
2019-08-27 23:30,-1
2019-08-27 23:36,17
2019-08-27 23:36,-1
2019-08-28 12:06,11
2019-08-28 13:36,-1
2019-08-28 14:03,1
2019-08-28 14:45,-1
2019-08-28 17:48,2
2019-08-28 19:06,-1
2019-08-28 19:10,4
2019-08-28 22:26,-1
2019-08-29 00:35,1
2019-08-29 11:31,1
2019-08-29 11:31,0
2019-08-29 11:47,1
2019-08-29 13:19,-1
2019-08-29 18:05,0
2019-08-29 23:49,-1
2019-08-30 12:06,-1
2019-08-30 12:28,0
2019-08-30 13:17,0
2019-08-30 17:44,16
2019-08-30 18:53,0
2019-08-30 19:12,-1
2019-08-30 21:39,-1
2019-08-31 12:58,0
2019-08-31 13:07,0
2019-08-31 13:09,4
2019-08-31 19:06,0
2019-08-31 19:06,6
2019-08-31 19:08,-1
2019-08-31 20:14,0
2019-09-01 12:58,0
2019-09-01 13:26,1
2019-09-01 14:51,-1
2019-09-01 19:35,-1
2019-09-02 00:53,17
2019-09-02 12:09,-1
2019-09-02 12:22,1
2019-09-03 13:12,11
2019-09-03 13:33,11
2019-09-03 14:28,0
2019-09-03 14:48,-1
2019-09-03 14:48,-1
2019-09-03 21:39,-1
2019-09-04 00:53,0
2019-09-04 01:04,3
2019-09-04 01:39,0
2019-09-04 14:18,11
2019-09-05 00:49,0
2019-09-05 03:43,-1
2019-09-05 13:15,-1
2019-09-05 13:15,1
2019-09-06 15:14,11
2019-09-06 21:39,-1
2019-09-07 10:39,4
2019-09-07 10:52,17
2019-09-07 13:14,2
2019-09-07 22:51,-1
2019-09-07 22:51,13
2019-09-07 22:51,13
2019-09-08 03:57,-1
2019-09-08 04:06,0
2019-09-08 16:56,2
2019-09-08 19:34,-1
2019-09-09 03:11,2
2019-09-09 10:51,-1
2019-09-09 11:29,-1
2019-09-09 13:01,1
2019-09-09 13:43,-1
2019-09-09 14:55,-1
2019-09-10 14:31,1
2019-09-10 15:58,-1
2019-09-10 15:58,-1
2019-09-11 02:38,-1
2019-09-11 03:46,-1
2019-09-11 05:08,1
2019-09-11 10:32,-1
2019-09-11 17:23,4
2019-09-11 22:47,2
2019-09-12 03:26,2
2019-09-12 03:30,-1
2019-09-12 12:13,-1
2019-09-12 14:07,3
2019-09-12 17:22,-1
2019-09-13 12:58,8
2019-09-13 14:41,2
2019-09-13 14:48,5
2019-09-13 22:35,-1
2019-09-14 12:44,-1
2019-09-14 13:04,1
2019-09-14 13:09,-1
2019-09-14 13:10,-1
2019-09-14 18:35,6
2019-09-14 19:02,13
2019-09-14 20:56,-1
2019-09-15 12:45,-1
2019-09-15 13:47,-1
2019-09-15 18:08,-1
2019-09-15 18:20,-1
2019-09-15 21:55,-1
2019-09-15 22:50,-1
2019-09-15 22:50,-1
2019-09-15 23:02,1
2019-09-16 00:31,-1
2019-09-16 11:03,0
2019-09-16 11:03,0
2019-09-16 11:32,-1
2019-09-16 12:35,-1
2019-09-16 13:15,1
2019-09-16 14:01,0
2019-09-16 14:01,-1
2019-09-16 22:40,-1
2019-09-16 22:40,1
2019-09-16 22:49,-1
2019-09-17 03:42,4
2019-09-17 03:49,2
2019-09-17 15:12,1
2019-09-17 18:22,-1
2019-09-17 23:58,-1
2019-09-18 12:21,3
2019-09-18 12:45,8
2019-09-18 12:53,16
2019-09-18 21:35,-1
2019-09-19 01:42,3
2019-09-19 02:05,2
2019-09-19 14:47,1
2019-09-19 14:47,1
2019-09-19 14:51,-1
2019-09-19 21:42,-1
2019-09-20 02:49,8
2019-09-20 12:02,10
2019-09-20 12:27,3
2019-09-20 20:35,-1
2019-09-21 04:11,4
2019-09-21 12:31,-1
2019-09-21 12:53,6
2019-09-21 14:02,0
2019-09-21 19:28,8
2019-09-21 21:43,0
2019-09-21 21:47,0
2019-09-21 22:47,3
2019-09-22 00:04,1
2019-09-22 00:04,1
2019-09-22 13:39,12
2019-09-22 14:39,-1
2019-09-22 15:28,-1
2019-09-22 15:34,-1
2019-09-22 18:11,-1
2019-09-22 19:03,-1
2019-09-22 19:05,6
2019-09-22 23:42,-1
2019-09-23 00:03,3
2019-09-23 00:03,3
2019-09-23 15:29,3
2019-09-23 19:37,1
2019-09-23 22:44,-1
2019-09-23 23:24,3
2019-09-24 00:37,-1
2019-09-24 03:36,-1
2019-09-24 18:12,3
2019-09-24 18:12,12
2019-09-24 18:51,-1
2019-09-24 18:52,15
2019-09-24 21:08,1
2019-09-24 21:11,3
2019-09-24 21:14,-1
2019-09-24 21:17,-1
2019-09-24 21:32,-1
2019-09-24 22:22,3
2019-09-24 23:17,-1
2019-09-25 02:26,3
2019-09-25 11:24,-1
2019-09-25 13:17,3
2019-09-25 13:59,-1
2019-09-25 14:58,0
2019-09-25 15:56,-1
2019-09-25 18:13,3
2019-09-25 20:17,0
2019-09-25 20:17,0
2019-09-26 02:46,-1
2019-09-26 11:24,0
2019-09-26 16:43,-1
2019-09-26 16:48,3
2019-09-26 18:13,3
2019-09-26 23:02,3
2019-09-27 03:37,-1
2019-09-27 11:02,3
2019-09-27 11:20,1
2019-09-27 12:29,3
2019-09-27 12:29,3
2019-09-27 12:58,-1
2019-09-27 13:23,16
2019-09-27 13:29,3
2019-09-27 13:32,3
2019-09-27 13:42,3
2019-09-27 15:24,3
2019-09-27 19:41,-1
2019-09-28 04:09,7
2019-09-28 12:16,3
2019-09-28 12:34,-1
2019-09-28 12:35,-1
2019-09-28 12:35,-1
2019-09-28 21:14,6
2019-09-28 22:00,8
2019-09-28 22:30,3
2019-09-28 22:30,3
2019-09-28 22:39,-1
2019-09-29 01:53,3
2019-09-29 02:00,3
2019-09-29 03:00,1
2019-09-29 12:29,3
2019-09-29 13:18,-1
2019-09-29 15:18,-1
2019-09-29 22:53,3
2019-09-29 22:53,3
2019-09-29 22:53,3
2019-09-29 23:07,3
2019-09-30 00:22,3
2019-09-30 00:30,0
2019-09-30 01:11,3
2019-09-30 01:11,-1
2019-09-30 02:41,-1
2019-09-30 11:39,-1
2019-09-30 12:03,3
2019-09-30 12:12,3
2019-09-30 12:31,11
2019-09-30 12:40,3
2019-09-30 12:43,-1
2019-09-30 12:44,-1
2019-09-30 13:50,-1
2019-09-30 13:58,-1
2019-09-30 14:03,-1
2019-09-30 18:55,-1
2019-09-30 19:04,-1
2019-09-30 19:08,-1
2019-09-30 20:23,-1
2019-09-30 21:13,3
2019-09-30 23:52,-1
2019-09-30 23:59,-1
2019-10-01 01:18,-1
2019-10-01 10:21,1
2019-10-01 11:05,-1
2019-10-01 11:09,3
2019-10-01 13:19,3
2019-10-01 13:19,3
2019-10-01 14:34,-1
2019-10-01 15:00,3
2019-10-01 22:15,-1
2019-10-01 22:15,-1
2019-10-01 23:41,3
2019-10-01 23:41,-1
2019-10-02 00:20,-1
2019-10-02 12:39,-1
2019-10-02 12:51,10
2019-10-02 13:06,2
2019-10-02 14:16,3
2019-10-02 14:26,3
2019-10-02 14:27,-1
2019-10-02 15:02,2
2019-10-02 15:19,-1
2019-10-02 15:31,-1
2019-10-02 15:31,3
2019-10-02 15:39,3
2019-10-02 15:48,-1
2019-10-02 19:51,3
2019-10-02 21:06,6
2019-10-02 23:27,-1
2019-10-02 23:41,-1
2019-10-03 10:00,11
2019-10-03 11:36,3
2019-10-03 12:09,3
2019-10-03 13:40,1
2019-10-03 15:36,-1
2019-10-03 17:04,-1
2019-10-03 17:16,-1
2019-10-03 19:27,7
2019-10-03 20:32,3
2019-10-03 20:53,-1
2019-10-03 22:49,15
2019-10-04 01:04,-1
2019-10-04 01:27,-1
2019-10-04 01:35,1
2019-10-04 01:44,-1
2019-10-04 02:20,3
2019-10-04 02:42,-1
2019-10-04 11:51,3
2019-10-04 12:16,-1
2019-10-04 12:47,8
2019-10-04 13:11,3
2019-10-04 13:29,-1
2019-10-04 13:44,3
2019-10-04 14:12,0
2019-10-04 21:57,-1
2019-10-04 22:02,13
2019-10-04 22:15,3
2019-10-04 22:27,3
2019-10-05 00:55,3
2019-10-05 02:25,3
2019-10-05 02:25,0
2019-10-05 03:12,-1
2019-10-05 03:28,-1
2019-10-05 04:11,3
2019-10-05 13:49,1
2019-10-05 13:58,3
2019-10-05 14:06,-1
2019-10-05 14:17,-1
2019-10-05 16:35,6
2019-10-05 18:33,3
2019-10-05 19:06,-1
2019-10-05 19:25,0
2019-10-05 23:24,6
2019-10-05 23:37,3
2019-10-05 23:50,0
2019-10-06 01:17,3
2019-10-06 02:12,-1
2019-10-06 13:14,-1
2019-10-06 13:21,3
2019-10-06 13:24,-1
2019-10-06 13:25,2
2019-10-06 14:58,-1
2019-10-06 14:58,11
2019-10-06 16:42,-1
2019-10-06 16:42,12
2019-10-06 16:56,3
2019-10-06 17:37,-1
2019-10-06 20:13,-1
2019-10-06 20:13,5
2019-10-06 22:03,0
2019-10-06 23:25,-1
2019-10-06 23:39,8
2019-10-06 23:54,11
2019-10-07 02:27,-1
2019-10-07 02:27,3
2019-10-07 11:40,13
2019-10-07 11:51,17
2019-10-07 12:04,3
2019-10-07 14:01,-1
2019-10-07 14:20,-1
2019-10-07 15:20,-1
2019-10-07 15:20,-1
2019-10-07 15:38,13
2019-10-07 15:38,13
2019-10-07 16:52,6
2019-10-07 21:54,-1
2019-10-08 03:52,3
2019-10-08 04:13,3
2019-10-08 12:10,10
2019-10-08 12:55,13
2019-10-08 13:23,-1
2019-10-08 14:06,0
2019-10-08 14:31,10
2019-10-08 16:06,3
2019-10-08 18:40,10
2019-10-08 18:40,10
2019-10-08 18:54,2
2019-10-08 22:28,6
2019-10-09 01:57,-1
2019-10-09 02:39,0
2019-10-09 12:14,-1
2019-10-09 12:14,-1
2019-10-09 12:22,3
2019-10-09 12:43,3
2019-10-09 14:10,0
2019-10-09 16:22,17
2019-10-09 16:27,-1
2019-10-09 17:55,3
2019-10-09 18:12,12
2019-10-09 23:30,-1
2019-10-10 00:10,-1
2019-10-10 01:34,3
2019-10-10 03:53,8
2019-10-10 04:16,13
2019-10-10 13:08,1
2019-10-10 13:08,0
2019-10-10 13:12,1
2019-10-10 13:27,13
2019-10-10 13:34,10
2019-10-10 13:39,3
2019-10-10 13:49,11
2019-10-10 14:40,-1
2019-10-10 20:07,13
2019-10-10 20:55,5
2019-10-11 00:03,-1
2019-10-11 02:37,5
2019-10-11 02:49,5
2019-10-11 13:49,-1
2019-10-11 14:15,11
2019-10-12 02:58,-1
2019-10-12 03:25,12
2019-10-12 03:25,-1
2019-10-12 13:49,-1
2019-10-12 14:09,11
2019-10-12 14:16,-1
2019-10-12 15:11,-1
2019-10-12 20:56,6
2019-10-12 20:57,-1
2019-10-12 21:20,13
2019-10-13 03:13,-1
2019-10-13 04:06,-1
2019-10-13 12:31,-1
2019-10-13 12:57,13
2019-10-13 13:09,13
2019-10-13 14:15,1
2019-10-13 14:32,-1
2019-10-13 21:22,3
2019-10-13 21:47,11
2019-10-13 21:50,11
2019-10-13 22:16,3
2019-10-13 22:16,3
2019-10-13 23:27,13
2019-10-14 00:10,3
2019-10-14 00:34,-1
2019-10-14 10:19,3
2019-10-14 10:39,3
2019-10-14 10:54,-1
2019-10-14 11:40,-1
2019-10-14 12:06,4
2019-10-14 16:18,1
2019-10-14 17:26,-1
2019-10-14 19:10,13
2019-10-14 19:10,13
2019-10-14 19:55,13
2019-10-14 22:16,3
2019-10-14 22:19,3
2019-10-14 22:34,-1
2019-10-15 00:17,3
2019-10-15 00:21,1
2019-10-15 00:51,1
2019-10-15 13:40,0
2019-10-15 15:14,0
2019-10-15 15:32,8
2019-10-15 15:57,-1
2019-10-15 16:41,-1
2019-10-15 18:04,1
2019-10-16 02:21,3
2019-10-16 03:15,6
2019-10-16 03:22,8
2019-10-16 11:10,3
2019-10-16 11:14,3
2019-10-16 11:25,-1
2019-10-16 11:29,8
2019-10-16 11:46,3
2019-10-16 18:05,3
2019-10-16 18:44,2
2019-10-16 21:08,-1
2019-10-16 21:17,-1
2019-10-16 22:19,0
2019-10-16 22:21,6
2019-10-16 22:29,3
2019-10-16 22:42,3
2019-10-17 00:00,3
2019-10-17 00:12,5
2019-10-17 00:44,5
2019-10-17 00:58,0
2019-10-17 01:11,-1
2019-10-17 01:14,3
2019-10-17 02:26,-1
2019-10-17 04:29,13
2019-10-17 04:39,2
2019-10-17 11:54,6
2019-10-17 12:54,-1
2019-10-17 17:02,-1
2019-10-17 17:29,13
2019-10-17 18:03,-1
2019-10-17 18:13,4
2019-10-18 00:21,-1
2019-10-18 02:26,5
2019-10-18 02:57,3
2019-10-18 03:06,1
2019-10-18 03:39,-1
2019-10-18 15:42,13
2019-10-18 15:46,13
2019-10-18 15:51,3
2019-10-18 22:39,-1
2019-10-18 23:25,13
2019-10-18 23:29,-1
2019-10-18 23:37,-1
2019-10-19 01:28,3
2019-10-19 01:57,3
2019-10-19 02:16,3
2019-10-19 02:59,13
2019-10-19 12:32,6
2019-10-19 15:13,-1
2019-10-19 19:23,-1
2019-10-19 19:47,-1
2019-10-19 23:28,3
2019-10-20 01:18,-1
2019-10-20 01:18,5
2019-10-20 01:52,1
2019-10-20 02:03,6
2019-10-20 02:41,-1
2019-10-20 03:26,-1
2019-10-20 12:44,2
2019-10-20 15:03,13
2019-10-20 20:28,13
2019-10-20 21:45,3
2019-10-20 21:45,0
2019-10-20 22:41,1
2019-10-21 02:05,3
2019-10-21 12:25,0
2019-10-21 12:31,3
2019-10-21 13:17,-1
2019-10-22 11:52,3
2019-10-22 11:54,-1
2019-10-22 11:57,-1
2019-10-22 13:28,3
2019-10-22 22:18,13
2019-10-23 11:32,3
2019-10-23 11:36,-1
2019-10-23 12:29,-1
2019-10-23 12:39,13
2019-10-23 12:40,-1
2019-10-23 17:48,-1
2019-10-23 18:58,3
2019-10-23 19:01,8
2019-10-23 21:19,-1
2019-10-24 04:40,6
2019-10-24 14:20,-1
2019-10-24 14:28,0
2019-10-24 15:25,13
2019-10-25 01:52,3
2019-10-25 12:54,-1
2019-10-25 19:51,-1
2019-10-25 22:39,-1
2019-10-25 23:30,3
2019-10-25 23:33,3
2019-10-26 11:02,-1
2019-10-26 11:02,-1
2019-10-26 11:02,-1
2019-10-26 11:21,4
2019-10-26 11:23,0
2019-10-26 11:29,3
2019-10-26 11:29,3
2019-10-26 11:44,3
2019-10-26 12:18,-1
2019-10-26 12:18,-1
2019-10-26 14:41,-1
2019-10-26 14:43,-1
2019-10-26 20:17,-1
2019-10-26 20:20,-1
2019-10-27 01:23,6
2019-10-27 10:21,4
2019-10-27 14:31,-1
2019-10-27 16:25,-1
2019-10-27 21:24,6
2019-10-28 13:41,13
2019-10-28 20:02,13
2019-10-28 20:36,6
2019-10-28 21:22,3
2019-10-29 03:38,3
2019-10-29 03:50,3
2019-10-29 03:58,3
2019-10-29 12:19,3
2019-10-29 12:25,3
2019-10-29 12:47,3
2019-10-29 13:09,3
2019-10-29 13:20,-1
2019-10-29 13:29,13
2019-10-29 13:34,0
2019-10-29 15:14,3
2019-10-30 11:38,8
2019-10-30 12:17,3
2019-10-30 12:26,-1
2019-10-30 12:59,3
2019-10-30 14:51,3
2019-10-30 17:54,4
2019-10-30 19:54,3
2019-10-30 20:42,3
2019-10-31 01:26,-1
2019-10-31 04:36,1
2019-10-31 12:20,-1
2019-10-31 13:24,11
2019-10-31 13:29,-1
2019-10-31 14:57,-1
2019-10-31 15:31,-1
2019-10-31 22:44,3
2019-11-01 00:48,3
2019-11-01 01:32,4
2019-11-01 03:48,0
2019-11-01 12:14,-1
2019-11-01 12:29,3
2019-11-01 12:39,-1
2019-11-01 12:52,-1
2019-11-01 13:38,13
2019-11-01 13:52,3
2019-11-01 14:08,-1
2019-11-01 14:08,-1
2019-11-01 21:11,10
2019-11-01 21:40,3
2019-11-01 21:51,12
2019-11-01 22:48,3
2019-11-01 23:16,3
2019-11-02 16:26,-1
2019-11-02 20:57,-1
2019-11-02 21:01,3
2019-11-02 21:10,-1
2019-11-02 22:26,-1
2019-11-03 05:03,-1
2019-11-03 14:11,-1
2019-11-03 14:33,3
2019-11-03 14:37,6
2019-11-03 16:25,0
2019-11-03 16:40,3
2019-11-03 16:41,-1
2019-11-03 18:23,3
2019-11-03 20:05,1
2019-11-03 20:18,-1
2019-11-03 20:23,8
2019-11-04 00:48,3
2019-11-04 00:59,-1
2019-11-04 11:38,1
2019-11-04 11:53,3
2019-11-04 12:06,3
2019-11-04 12:50,3
2019-11-04 12:58,-1
2019-11-04 13:14,3
2019-11-04 13:45,8
2019-11-04 14:51,-1
2019-11-04 15:09,-1
2019-11-04 17:39,-1
2019-11-05 12:05,-1
2019-11-05 13:25,2
2019-11-05 13:25,2
2019-11-05 13:28,2
2019-11-05 14:05,10
2019-11-05 18:58,5
2019-11-06 01:02,-1
2019-11-06 13:17,3
2019-11-06 13:30,8
2019-11-06 20:15,13
2019-11-06 21:54,17
2019-11-07 05:06,1
2019-11-07 05:08,1
2019-11-07 12:28,-1
2019-11-07 13:46,1
2019-11-07 13:47,-1
2019-11-07 14:00,3
2019-11-07 15:16,3
2019-11-07 15:27,1
2019-11-07 15:41,-1
2019-11-07 15:43,8
2019-11-08 00:08,4
2019-11-08 03:08,-1
2019-11-08 17:19,4
2019-11-09 11:41,1
2019-11-09 15:37,-1
2019-11-09 17:49,-1
2019-11-09 18:52,3
2019-11-09 19:25,3
2019-11-10 00:40,5
2019-11-10 01:27,6
2019-11-10 03:49,5
2019-11-10 03:59,-1
2019-11-10 16:12,1
2019-11-10 18:58,3
2019-11-10 19:06,2
2019-11-10 19:43,3
2019-11-11 02:25,16
2019-11-11 13:42,4
2019-11-11 14:12,3
2019-11-11 14:20,3
2019-11-11 19:28,4
2019-11-11 20:26,3
2019-11-11 22:10,-1
2019-11-11 23:18,3
2019-11-11 23:24,3
2019-11-11 23:35,3
2019-11-11 23:42,3
2019-11-12 00:57,3
2019-11-12 11:25,3
2019-11-12 11:31,3
2019-11-12 11:32,8
2019-11-12 11:45,2
2019-11-12 15:41,3
2019-11-13 00:43,2
2019-11-13 01:34,3
2019-11-13 03:33,3
2019-11-13 12:03,3
2019-11-13 13:30,-1
2019-11-13 16:50,-1
2019-11-14 03:47,-1
2019-11-14 11:54,3
2019-11-14 13:44,8
2019-11-14 14:32,-1
2019-11-14 15:39,-1
2019-11-15 03:53,-1
2019-11-15 04:52,3
2019-11-15 04:52,3
2019-11-15 13:48,3
2019-11-15 15:01,3
2019-11-15 15:01,3
2019-11-15 15:17,8
2019-11-15 16:21,-1
2019-11-15 16:34,8
2019-11-15 17:13,0
2019-11-15 17:13,-1
2019-11-15 22:10,-1
2019-11-16 00:33,-1
2019-11-16 02:39,5
2019-11-16 13:08,-1
2019-11-16 13:51,-1
2019-11-16 15:18,8
2019-11-16 15:38,-1
2019-11-16 18:38,1
2019-11-17 05:09,4
2019-11-17 13:51,-1
2019-11-17 16:08,11
2019-11-17 16:56,3
2019-11-17 19:30,1
2019-11-17 19:57,3
2019-11-17 20:03,3
2019-11-17 20:08,3
2019-11-17 20:12,-1
2019-11-17 22:57,-1
2019-11-18 02:40,3
2019-11-18 03:39,3
2019-11-18 04:38,-1
2019-11-18 12:29,3
2019-11-18 13:52,3
2019-11-18 16:01,-1
2019-11-18 16:06,3
2019-11-18 23:54,3
2019-11-19 03:34,-1
2019-11-19 03:41,3
2019-11-19 05:15,3
2019-11-19 14:03,-1
2019-11-19 16:46,-1
2019-11-19 19:49,-1
2019-11-20 00:10,13
2019-11-20 01:06,4
2019-11-20 02:25,3
2019-11-20 04:52,5
2019-11-20 12:37,3
2019-11-20 13:29,3
2019-11-20 18:57,3
2019-11-20 18:57,3
2019-11-20 19:04,6
2019-11-20 23:18,3
2019-11-20 23:38,6
2019-11-21 00:49,-1
2019-11-21 01:11,-1
2019-11-21 02:47,-1
2019-11-21 12:32,3
2019-11-21 12:58,0
2019-11-21 13:08,3
2019-11-21 13:15,3
2019-11-21 13:30,-1
2019-11-21 14:27,1
2019-11-21 15:18,-1
2019-11-21 17:54,16
2019-11-22 02:35,3
2019-11-22 04:04,-1
2019-11-22 12:05,0
2019-11-22 18:53,17
2019-11-22 19:04,-1
2019-11-22 23:55,-1
2019-11-23 02:28,3
2019-11-23 15:17,3
2019-11-23 16:25,3
2019-11-23 17:05,3
2019-11-23 19:52,-1
2019-11-23 22:57,-1
2019-11-24 04:53,-1
2019-11-24 12:11,-1
2019-11-24 12:30,3
2019-11-24 12:34,3
2019-11-24 14:43,-1
2019-11-24 18:30,3
2019-11-24 19:08,4
2019-11-24 22:01,3
2019-11-24 22:16,0
2019-11-24 22:42,3
2019-11-24 23:32,-1
2019-11-24 23:33,4
2019-11-25 12:25,-1
2019-11-25 12:54,3
2019-11-25 14:56,3
2019-11-25 15:05,8
2019-11-25 22:25,-1
2019-11-26 04:16,3
2019-11-26 11:33,4
2019-11-26 11:53,2
2019-11-26 15:43,-1
2019-11-26 15:43,3
2019-11-26 21:28,-1
2019-11-27 02:50,3
2019-11-27 03:09,5
2019-11-27 03:18,-1
2019-11-27 14:45,6
2019-11-27 15:54,-1
2019-11-27 22:06,3
2019-11-27 22:09,8
2019-11-27 22:11,-1
2019-11-28 13:21,-1
2019-11-28 21:42,-1
2019-11-29 01:25,1
2019-11-29 14:06,4
2019-11-30 23:21,3
2019-11-30 23:38,-1
2019-11-30 23:43,3
2019-12-01 01:28,3
2019-12-01 18:31,9
2019-12-02 04:24,-1
2019-12-02 10:59,11
2019-12-02 13:53,3
2019-12-02 14:18,2
2019-12-02 14:22,3
2019-12-02 16:02,-1
2019-12-02 16:47,-1
2019-12-02 17:15,-1
2019-12-02 17:56,3
2019-12-02 18:07,0
2019-12-02 19:27,3
2019-12-02 22:21,-1
2019-12-02 22:30,-1
2019-12-02 23:11,1
2019-12-03 15:33,16
2019-12-03 23:25,3
2019-12-03 23:53,-1
2019-12-04 14:26,-1
2019-12-04 22:36,-1
2019-12-04 22:43,-1
2019-12-05 03:50,3
2019-12-05 03:50,1
2019-12-05 12:20,-1
2019-12-05 13:01,3
2019-12-05 13:01,3
2019-12-05 15:11,3
2019-12-05 15:11,3
2019-12-05 15:47,-1
2019-12-05 16:49,3
2019-12-05 17:38,-1
2019-12-06 00:52,-1
2019-12-06 03:27,1
2019-12-06 03:32,-1
2019-12-06 12:43,1
2019-12-06 13:16,8
2019-12-06 14:57,8
2019-12-06 16:00,8
2019-12-06 19:18,4
2019-12-06 20:19,-1
2019-12-07 00:10,3
2019-12-07 00:23,1
2019-12-07 00:28,11
2019-12-07 17:13,3
2019-12-07 17:21,8
2019-12-07 18:51,16
2019-12-07 18:54,3
2019-12-07 18:55,8
2019-12-07 19:10,0
2019-12-08 05:50,-1
2019-12-08 15:29,3
2019-12-08 17:07,-1
2019-12-08 19:59,-1
2019-12-08 20:18,0
2019-12-08 21:41,3
2019-12-08 22:52,3
2019-12-09 01:37,-1
2019-12-09 04:52,-1
2019-12-09 05:07,6
2019-12-09 15:15,8
2019-12-09 15:20,3
2019-12-09 15:47,-1
2019-12-10 12:02,0
2019-12-10 12:16,0
2019-12-10 12:37,8
2019-12-10 14:32,-1
2019-12-10 14:56,3
2019-12-10 14:56,-1
2019-12-10 15:07,3
2019-12-10 15:10,-1
2019-12-10 22:36,5
2019-12-11 01:47,5
2019-12-11 01:55,-1
2019-12-11 01:58,-1
2019-12-11 14:59,3
2019-12-11 15:17,-1
2019-12-11 19:06,1
2019-12-11 19:12,0
2019-12-12 11:51,3
2019-12-12 12:22,12
2019-12-12 14:14,-1
2019-12-12 14:28,10
2019-12-12 14:35,11
2019-12-12 15:40,-1
2019-12-12 16:05,3
2019-12-13 03:53,3
2019-12-13 04:06,-1
2019-12-13 04:18,3
2019-12-13 06:08,-1
2019-12-13 11:51,-1
2019-12-13 12:01,3
2019-12-13 12:05,-1
2019-12-13 12:07,-1
2019-12-13 12:54,1
2019-12-13 13:42,8
2019-12-13 13:53,8
2019-12-13 14:06,9
2019-12-13 15:25,11
2019-12-13 15:25,11
2019-12-13 17:38,7
2019-12-14 00:38,3
2019-12-14 02:13,0
2019-12-14 02:27,7
2019-12-14 13:07,-1
2019-12-14 14:25,-1
2019-12-14 14:28,-1
2019-12-14 18:01,-1
2019-12-14 19:09,-1
2019-12-14 20:21,-1
2019-12-14 23:26,3
2019-12-15 00:10,3
2019-12-15 00:47,1
2019-12-15 05:26,3
2019-12-15 17:12,3
2019-12-15 17:19,0
2019-12-15 18:01,0
2019-12-15 18:34,0
2019-12-15 19:14,-1
2019-12-15 22:11,3
2019-12-15 22:28,3
2019-12-16 05:28,3
2019-12-16 13:54,3
2019-12-16 14:25,12
2019-12-16 15:03,-1
2019-12-16 17:41,8
2019-12-16 21:27,-1
2019-12-17 05:44,-1
2019-12-17 14:39,8
2019-12-17 14:51,3
2019-12-17 14:56,-1
2019-12-17 15:12,-1
2019-12-17 15:14,3
2019-12-17 21:52,-1
2019-12-17 23:14,0
2019-12-17 23:48,3
2019-12-18 03:54,3
2019-12-18 04:10,0
2019-12-18 04:10,8
2019-12-18 12:34,-1
2019-12-18 12:47,0
2019-12-18 13:18,3
2019-12-18 15:42,-1
2019-12-18 16:14,-1
2019-12-18 16:38,3
2019-12-18 17:44,3
2019-12-18 22:56,5
2019-12-18 22:58,6
2019-12-19 03:49,-1
2019-12-19 12:31,-1
2019-12-19 13:22,3
2019-12-19 13:30,-1
2019-12-19 14:10,3
2019-12-19 14:11,3
2019-12-19 15:48,6
2019-12-19 15:52,6
2019-12-19 16:07,3
2019-12-19 23:55,3
2019-12-20 00:16,3
2019-12-20 00:36,3
2019-12-20 01:56,3
2019-12-20 02:56,1
2019-12-20 03:16,-1
2019-12-20 11:12,6
2019-12-20 12:12,-1
2019-12-20 14:19,-1
2019-12-20 15:24,11
2019-12-20 18:18,-1
2019-12-20 18:19,-1
2019-12-20 21:09,-1
2019-12-20 21:28,3
2019-12-20 22:26,-1
2019-12-20 22:41,2
2019-12-21 03:01,4
2019-12-21 03:16,3
2019-12-21 03:30,4
2019-12-21 03:31,4
2019-12-21 04:18,-1
2019-12-21 04:43,8
2019-12-21 05:39,-1
2019-12-21 19:38,-1
2019-12-21 21:07,-1
2019-12-22 03:17,-1
2019-12-22 03:18,-1
2019-12-22 20:18,3
2019-12-22 20:21,13
2019-12-22 22:14,0
2019-12-23 13:38,3
2019-12-23 22:13,3
2019-12-23 22:13,3
2019-12-23 23:25,3
2019-12-23 23:58,-1
2019-12-24 00:17,8
2019-12-24 02:31,3
2019-12-24 02:46,3
2019-12-24 12:10,3
2019-12-24 12:21,8
2019-12-24 13:25,3
2019-12-24 22:32,17
2019-12-25 12:26,-1
2019-12-25 20:32,8
2019-12-25 22:29,-1
2019-12-25 23:04,-1
2019-12-26 03:12,3
2019-12-26 03:12,3
2019-12-26 11:58,0
2019-12-26 12:18,3
2019-12-26 12:42,0
2019-12-26 12:59,3
2019-12-26 13:21,3
2019-12-26 14:36,3
2019-12-26 15:25,13
2019-12-26 20:41,8
2019-12-26 21:18,-1
2019-12-26 23:44,3
2019-12-26 23:53,-1
2019-12-27 00:03,-1
2019-12-27 00:07,6
2019-12-27 04:20,3
2019-12-27 04:27,3
2019-12-27 13:48,-1
2019-12-27 14:28,3
2019-12-27 14:42,8
2019-12-27 16:37,-1
2019-12-27 20:43,3
2019-12-28 02:31,3
2019-12-28 02:43,3
2019-12-28 02:57,6
2019-12-28 03:54,3
2019-12-28 04:28,3
2019-12-28 04:41,6
2019-12-28 04:44,2
2019-12-28 13:33,-1
2019-12-28 21:06,-1
2019-12-28 21:14,10
2019-12-28 22:15,10
2019-12-28 22:29,6
2019-12-29 00:00,6
2019-12-29 12:57,3
2019-12-29 14:55,3
2019-12-29 19:10,13
2019-12-30 14:28,13
2019-12-30 22:23,1
2019-12-31 00:57,4
2019-12-31 11:16,12
2019-12-31 12:02,16
2019-12-31 13:53,4
2019-12-31 14:06,-1
2019-12-31 14:16,11
2019-12-31 15:44,16
2019-12-31 17:34,-1
2019-12-31 17:42,3
2019-12-31 19:41,3
2019-12-31 20:15,0
2019-12-31 21:19,16
2019-12-31 21:19,16
2019-12-31 21:38,10
2019-12-31 22:11,1
2020-01-01 01:22,4
2020-01-01 01:30,-1
2020-01-01 03:12,-1
2020-01-02 01:32,4
2020-01-02 01:46,1
2020-01-02 02:46,6
2020-01-02 13:42,3
2020-01-02 13:42,0
2020-01-02 13:58,0
2020-01-02 13:58,0
2020-01-03 02:32,-1
2020-01-03 12:44,16
2020-01-03 13:54,16
2020-01-03 13:54,16
2020-01-03 15:09,16
2020-01-03 15:09,13
2020-01-03 17:27,0
2020-01-04 04:29,-1
2020-01-04 14:57,-1
2020-01-04 22:16,8
2020-01-04 22:52,16
2020-01-04 22:52,16
2020-01-04 22:52,16
2020-01-05 04:53,13
2020-01-05 05:11,16
2020-01-05 20:25,16
2020-01-06 13:37,3
2020-01-06 14:32,3
2020-01-06 14:39,3
2020-01-06 14:48,16
2020-01-06 17:02,-1
2020-01-06 17:02,-1
2020-01-06 23:50,-1
2020-01-06 23:50,10
2020-01-07 00:40,0
2020-01-07 11:44,4
2020-01-07 13:27,-1
2020-01-07 19:05,-1
2020-01-08 02:45,16
2020-01-09 11:47,6
2020-01-09 12:21,3
2020-01-09 12:30,-1
2020-01-09 13:20,3
2020-01-09 13:46,2
2020-01-09 15:00,9
2020-01-09 15:47,8
2020-01-09 17:59,-1
2020-01-09 22:49,-1
2020-01-09 22:55,5
2020-01-10 01:57,5
2020-01-10 02:04,13
2020-01-10 02:07,8
2020-01-10 02:15,-1
2020-01-10 12:55,6
2020-01-10 15:08,8
2020-01-10 15:11,8
2020-01-10 15:31,6
2020-01-10 15:37,-1
2020-01-11 13:38,0
2020-01-11 14:07,3
2020-01-11 14:15,3
2020-01-11 14:17,3
2020-01-11 14:29,3
2020-01-11 14:35,-1
2020-01-11 21:13,2
2020-01-11 21:46,-1
2020-01-11 21:46,16
2020-01-11 22:11,16
2020-01-11 22:50,-1
2020-01-12 04:07,-1
2020-01-12 04:12,-1
2020-01-12 04:19,17
2020-01-12 13:13,5
2020-01-12 13:28,-1
2020-01-12 13:48,16
2020-01-12 13:58,3
2020-01-12 14:06,16
2020-01-12 14:26,16
2020-01-12 15:25,3
2020-01-12 15:30,3
2020-01-12 16:13,-1
2020-01-12 16:40,3
2020-01-12 16:44,-1
2020-01-12 18:29,3
2020-01-12 18:41,0
2020-01-12 19:02,-1
2020-01-12 19:55,3
2020-01-12 23:46,16
2020-01-13 02:00,-1
2020-01-13 13:39,12
2020-01-13 15:25,-1
2020-01-13 15:47,-1
2020-01-13 15:53,16
2020-01-13 16:09,1
2020-01-13 16:13,12
2020-01-13 17:31,3
2020-01-13 23:58,15
2020-01-14 05:25,3
2020-01-14 05:52,-1
2020-01-14 23:16,5
2020-01-14 23:36,-1
2020-01-14 23:45,3
2020-01-15 02:43,-1
2020-01-15 02:49,-1
2020-01-15 02:53,-1
2020-01-15 03:18,0
2020-01-15 04:32,16
2020-01-15 04:46,12
2020-01-15 05:45,17
2020-01-15 06:13,-1
2020-01-15 15:33,3
2020-01-16 00:51,-1
2020-01-16 13:41,11
2020-01-16 13:59,-1
2020-01-16 15:04,3
2020-01-16 15:14,-1
2020-01-16 15:49,5
2020-01-16 20:39,3
2020-01-16 21:50,6
2020-01-17 00:22,5
2020-01-17 01:41,-1
2020-01-17 13:32,-1
2020-01-17 13:33,12
2020-01-17 13:39,12
2020-01-17 14:12,15
2020-01-17 15:17,5
2020-01-17 20:10,8
2020-01-17 22:22,-1
2020-01-17 23:10,-1
2020-01-18 00:57,-1
2020-01-18 13:19,8
2020-01-18 13:33,8
2020-01-18 13:35,8
2020-01-18 22:56,-1
2020-01-18 22:58,12
2020-01-18 23:16,1
2020-01-18 23:18,2
2020-01-19 00:52,-1
2020-01-19 00:52,8
2020-01-19 02:12,3
2020-01-19 04:30,-1
2020-01-19 17:44,-1
2020-01-19 18:24,-1
2020-01-19 21:12,12
2020-01-20 00:27,5
2020-01-20 01:16,-1
2020-01-20 15:43,-1
2020-01-20 15:47,-1
2020-01-20 15:52,3
2020-01-20 17:04,-1
2020-01-20 18:53,-1
2020-01-20 19:59,-1
2020-01-20 20:12,-1
2020-01-20 23:03,3
2020-01-21 00:59,8
2020-01-21 01:45,8
2020-01-21 01:59,-1
2020-01-21 13:25,6
2020-01-21 19:08,-1
2020-01-22 05:29,-1
2020-01-22 06:48,8
2020-01-22 13:26,-1
2020-01-22 16:01,-1
2020-01-22 16:17,3
2020-01-22 18:03,11
2020-01-22 19:58,3
2020-01-22 22:04,5
2020-01-22 22:13,6
2020-01-23 12:39,3
2020-01-23 12:42,0
2020-01-23 12:45,3
2020-01-23 12:52,3
2020-01-23 12:54,3
2020-01-23 12:57,3
2020-01-23 13:25,12
2020-01-23 16:15,3
2020-01-23 18:18,3
2020-01-23 20:26,3
2020-01-23 21:08,-1
2020-01-23 21:08,-1
2020-01-23 21:50,6
2020-01-23 22:21,-1
2020-01-24 02:40,-1
2020-01-24 11:42,12
2020-01-24 12:37,3
2020-01-24 12:50,3
2020-01-24 15:37,3
2020-01-24 16:16,-1
2020-01-24 16:56,3
2020-01-24 18:11,-1
2020-01-24 21:18,9
2020-01-24 21:31,-1
2020-01-25 00:28,-1
2020-01-25 13:59,-1
2020-01-25 14:19,3
2020-01-25 14:37,3
2020-01-25 18:41,3
2020-01-25 19:44,6
2020-01-25 21:57,-1
2020-01-26 00:16,16
2020-01-26 01:43,-1
2020-01-26 02:15,3
2020-01-26 13:09,3
2020-01-26 13:20,3
2020-01-26 13:24,3
2020-01-26 14:16,6
2020-01-26 14:24,3
2020-01-26 14:45,3
2020-01-26 15:06,-1
2020-01-26 16:07,-1
2020-01-26 16:24,17
2020-01-26 20:39,-1
2020-01-26 20:48,4
2020-01-26 23:54,4
2020-01-26 23:54,4
2020-01-27 05:18,-1
2020-01-27 05:18,3
2020-01-27 05:18,3
2020-01-27 11:57,-1
2020-01-27 13:42,-1
2020-01-27 14:40,3
2020-01-27 14:56,9
2020-01-27 15:12,3
2020-01-27 17:09,13
2020-01-28 05:26,-1
2020-01-28 15:44,1
2020-01-28 15:44,1
2020-01-28 15:47,-1
2020-01-28 15:55,-1
2020-01-28 22:16,5
2020-01-28 22:23,3
2020-01-29 01:37,-1
2020-01-29 01:41,4
2020-01-29 02:25,3
2020-01-29 05:07,-1
2020-01-29 11:51,3
2020-01-29 12:28,-1
2020-01-29 12:28,1
2020-01-29 12:56,3
2020-01-29 15:33,-1
2020-01-29 15:39,3
2020-01-29 15:49,6
2020-01-29 19:21,8
2020-01-29 19:24,11
2020-01-29 23:00,6
2020-01-29 23:59,3
2020-01-29 23:59,-1
2020-01-30 00:06,9
2020-01-30 00:32,-1
2020-01-30 03:27,-1
2020-01-30 15:39,3
2020-01-30 20:34,-1
2020-01-30 20:37,1
2020-01-30 21:58,5
2020-01-30 22:04,9
2020-01-31 00:19,5
2020-01-31 02:48,5
2020-01-31 02:54,-1
2020-01-31 03:07,-1
2020-01-31 03:16,-1
2020-01-31 04:22,-1
2020-01-31 14:25,3
2020-01-31 14:33,-1
2020-01-31 21:06,3
2020-01-31 23:05,3
2020-02-01 00:13,3
2020-02-01 13:14,1
2020-02-01 13:42,1
2020-02-01 16:14,-1
2020-02-02 05:04,3
2020-02-02 05:10,1
2020-02-02 05:17,12
2020-02-02 05:25,12
2020-02-02 23:13,-1
2020-02-02 23:56,4
2020-02-03 03:27,5
2020-02-03 03:41,6
2020-02-03 05:08,6
2020-02-03 05:25,6
2020-02-03 16:42,3
2020-02-03 16:51,-1
2020-02-03 16:52,-1
2020-02-03 16:52,-1
2020-02-03 17:03,3
2020-02-03 20:18,-1
2020-02-04 03:20,-1
2020-02-04 04:27,5
2020-02-04 11:33,-1
2020-02-04 13:27,-1
2020-02-04 14:22,-1
2020-02-04 14:34,-1
2020-02-04 15:52,8
2020-02-04 15:59,-1
2020-02-04 23:52,-1
2020-02-05 01:02,6
2020-02-05 12:59,4
2020-02-05 13:19,6
2020-02-05 15:22,12
2020-02-05 20:44,-1
2020-02-05 21:49,-1
2020-02-05 22:07,3
2020-02-05 23:45,-1
2020-02-06 05:22,-1
2020-02-06 18:56,-1
2020-02-06 22:11,2
2020-02-06 22:32,-1
2020-02-06 22:53,-1
2020-02-07 01:16,-1
2020-02-07 01:17,3
2020-02-07 10:31,9
2020-02-07 11:28,6
2020-02-07 12:55,6
2020-02-07 12:59,-1
2020-02-07 16:31,-1
2020-02-07 17:51,3
2020-02-07 20:00,5
2020-02-07 21:57,-1
2020-02-07 21:57,-1
2020-02-07 23:26,4
2020-02-08 03:09,-1
2020-02-08 12:23,6
2020-02-08 14:41,1
2020-02-08 14:41,0
2020-02-08 15:03,-1
2020-02-08 15:16,3
2020-02-08 15:30,3
2020-02-08 19:01,-1
2020-02-08 19:13,1
2020-02-08 19:40,10
2020-02-08 21:08,-1
2020-02-09 00:55,-1
2020-02-09 01:19,-1
2020-02-09 01:56,4
2020-02-09 04:20,6
2020-02-09 15:18,10
2020-02-09 15:42,6
2020-02-09 16:04,-1
2020-02-09 17:52,6
2020-02-09 19:38,-1
2020-02-09 19:52,0
2020-02-09 19:52,0
2020-02-09 19:54,-1
2020-02-09 19:56,-1
2020-02-10 11:28,5
2020-02-10 11:47,3
2020-02-10 12:37,3
2020-02-10 13:14,5
2020-02-10 14:25,3
2020-02-10 14:28,4
2020-02-10 19:59,3
2020-02-10 20:24,-1
2020-02-11 01:21,5
2020-02-11 01:22,-1
2020-02-11 06:48,-1
2020-02-11 13:35,8
2020-02-11 13:43,5
2020-02-11 15:49,8
2020-02-11 16:02,12
2020-02-11 16:39,-1
2020-02-12 01:40,4
2020-02-12 01:47,0
2020-02-12 01:59,0
2020-02-12 02:09,0
2020-02-12 02:21,-1
2020-02-12 02:34,3
2020-02-12 02:45,0
2020-02-12 02:47,3
2020-02-12 04:45,1
2020-02-12 11:35,1
2020-02-12 11:53,0
2020-02-12 12:06,0
2020-02-12 15:09,-1
2020-02-12 18:32,16
2020-02-12 18:32,16
2020-02-12 21:13,15
2020-02-12 21:14,-1
2020-02-12 21:18,5
2020-02-12 21:29,5
2020-02-12 22:18,6
2020-02-13 12:57,-1
2020-02-13 13:00,0
2020-02-13 13:13,12
2020-02-13 13:23,12
2020-02-13 14:10,-1
2020-02-13 16:04,-1
2020-02-13 18:30,10
2020-02-14 13:33,-1
2020-02-14 15:20,-1
2020-02-14 15:25,-1
2020-02-14 15:26,-1
2020-02-14 15:33,12
2020-02-14 22:30,4
2020-02-14 22:31,6
2020-02-14 23:38,-1
2020-02-15 12:22,-1
2020-02-15 13:04,3
2020-02-15 13:04,0
2020-02-15 14:39,0
2020-02-15 22:13,6
2020-02-15 22:30,2
2020-02-15 22:35,5
2020-02-16 15:25,5
2020-02-16 17:11,2
2020-02-17 00:42,5
2020-02-17 14:16,4
2020-02-17 15:13,-1
2020-02-17 21:32,-1
2020-02-17 23:40,8
2020-02-17 23:40,8
2020-02-18 03:12,4
2020-02-18 04:01,6
2020-02-18 12:58,-1
2020-02-18 13:14,0
2020-02-18 14:01,-1
2020-02-18 15:31,-1
2020-02-18 20:20,2
2020-02-18 20:51,12
2020-02-18 20:51,12
2020-02-18 22:00,12
2020-02-18 22:25,0
2020-02-18 22:37,3
2020-02-19 14:23,-1
2020-02-19 14:45,16
2020-02-19 14:54,12
2020-02-19 15:42,8
2020-02-19 17:10,1
2020-02-19 17:46,0
2020-02-20 00:17,6
2020-02-20 00:25,-1
2020-02-20 01:28,-1
2020-02-20 04:32,-1
2020-02-20 06:18,5
2020-02-20 06:19,12
2020-02-20 13:27,12
2020-02-20 14:10,12
2020-02-20 15:22,0
2020-02-20 15:29,16
2020-02-20 17:13,12
2020-02-20 18:18,0
2020-02-20 21:53,1
2020-02-20 23:35,-1
2020-02-21 02:19,5
2020-02-21 06:20,3
2020-02-21 15:24,11
2020-02-21 15:36,1
2020-02-21 17:34,1
2020-02-21 19:23,-1
2020-02-21 22:15,5
2020-02-21 22:26,-1
2020-02-22 03:43,1
2020-02-22 03:58,6
2020-02-22 04:17,5
2020-02-22 15:18,0
2020-02-22 19:40,-1
2020-02-22 22:30,-1
2020-02-22 23:55,12
2020-02-23 00:17,0
2020-02-23 01:55,3
2020-02-23 15:14,4
2020-02-23 18:29,3
2020-02-23 18:45,0
2020-02-23 22:51,-1
2020-02-23 23:01,-1
2020-02-23 23:07,17
2020-02-24 04:43,-1
2020-02-24 09:07,-1
2020-02-24 11:07,-1
2020-02-24 11:09,-1
2020-02-24 12:46,-1
2020-02-24 18:10,-1
2020-02-24 18:13,-1
2020-02-24 21:28,3
2020-02-24 21:42,9
2020-02-24 22:08,-1
2020-02-25 02:29,0
2020-02-25 04:09,-1
2020-02-25 14:02,-1
2020-02-25 20:01,-1
2020-02-25 20:52,-1
2020-02-26 02:29,9
2020-02-26 02:29,9
2020-02-26 02:34,-1
2020-02-26 11:39,9
2020-02-26 13:03,9
2020-02-26 13:24,12
2020-02-26 13:35,1
2020-02-26 13:51,5
2020-02-26 16:17,6
2020-02-26 16:20,-1
2020-02-26 19:02,3
2020-02-27 06:02,0
2020-02-28 01:53,1
2020-02-28 02:39,9
2020-02-28 03:16,12
2020-02-28 03:41,1
2020-02-28 05:05,9
2020-02-28 05:43,2
2020-02-28 06:13,-1
2020-02-28 14:46,5
2020-02-28 14:54,12
2020-02-28 20:03,6
2020-02-28 20:25,12
2020-02-28 22:20,5
2020-02-28 22:24,5
2020-02-29 01:58,5
2020-02-29 02:00,-1
2020-02-29 02:43,5
2020-02-29 03:25,5
2020-02-29 16:19,5
2020-02-29 17:02,9
2020-02-29 23:10,3
2020-02-29 23:42,-1
2020-03-01 00:16,12
2020-03-01 04:45,12
2020-03-01 05:30,12
2020-03-01 05:39,12
2020-03-01 13:31,9
2020-03-01 15:11,5
2020-03-01 20:17,9
2020-03-01 21:13,1
2020-03-01 23:43,12
2020-03-02 00:08,12
2020-03-02 00:46,12
2020-03-02 00:54,6
2020-03-02 02:12,-1
2020-03-02 12:26,9
2020-03-02 12:55,9
2020-03-02 14:19,4
2020-03-02 15:16,-1
2020-03-02 21:32,-1
2020-03-02 23:06,6
2020-03-03 01:34,5
2020-03-03 01:52,8
2020-03-03 04:17,-1
2020-03-03 04:23,12
2020-03-03 04:41,4
2020-03-03 13:24,-1
2020-03-03 21:10,-1
2020-03-04 03:23,12
2020-03-04 03:35,-1
2020-03-04 11:52,-1
2020-03-04 12:12,-1
2020-03-04 12:31,0
2020-03-04 12:48,-1
2020-03-04 15:21,-1
2020-03-04 15:32,-1
2020-03-04 15:40,12
2020-03-04 15:57,12
2020-03-04 16:06,12
2020-03-04 20:06,12
2020-03-04 23:46,9
2020-03-05 00:21,-1
2020-03-05 01:03,-1
2020-03-05 01:23,4
2020-03-05 14:11,-1
2020-03-05 14:30,9
2020-03-05 15:30,-1
2020-03-05 16:10,-1
2020-03-05 16:34,9
2020-03-05 18:28,12
2020-03-05 19:02,-1
2020-03-05 20:34,9
2020-03-06 14:21,-1
2020-03-06 15:08,-1
2020-03-06 20:59,-1
2020-03-07 00:19,1
2020-03-07 01:08,-1
2020-03-08 03:47,-1
2020-03-08 03:56,-1
2020-03-08 04:42,12
2020-03-08 12:45,9
2020-03-08 16:23,1
2020-03-08 22:18,6
2020-03-09 05:25,10
2020-03-09 11:20,9
2020-03-09 11:24,-1
2020-03-09 11:30,-1
2020-03-09 11:33,0
2020-03-09 11:39,-1
2020-03-09 11:40,-1
2020-03-09 13:11,9
2020-03-09 13:16,9
2020-03-09 13:17,-1
2020-03-09 14:36,-1
2020-03-09 14:36,-1
2020-03-09 14:47,9
2020-03-09 21:36,5
2020-03-10 04:49,-1
2020-03-10 11:08,2
2020-03-10 11:33,1
2020-03-10 14:00,-1
2020-03-10 14:42,3
2020-03-10 21:31,-1
2020-03-10 21:59,8
2020-03-11 01:54,5
2020-03-11 04:55,-1
2020-03-11 14:22,1
2020-03-11 18:50,9
2020-03-11 18:52,4
2020-03-11 19:18,9
2020-03-11 20:44,-1
2020-03-11 22:04,9
2020-03-12 02:11,-1
2020-03-12 02:13,-1
2020-03-12 10:15,-1
2020-03-12 14:44,-1
2020-03-12 18:01,-1
2020-03-12 20:02,9
2020-03-13 01:58,-1
2020-03-13 02:20,9
2020-03-13 02:33,9
2020-03-13 10:22,9
2020-03-13 10:22,9
2020-03-13 12:30,15
2020-03-13 13:44,-1
2020-03-13 14:52,9
2020-03-13 14:55,9
2020-03-13 21:00,-1
2020-03-13 21:19,-1
2020-03-13 22:21,2
2020-03-13 22:54,4
2020-03-13 22:54,4
2020-03-13 23:10,-1
2020-03-14 00:42,9
2020-03-14 01:27,-1
2020-03-14 11:37,9
2020-03-14 12:02,-1
2020-03-14 12:08,8
2020-03-14 13:45,9
2020-03-14 13:47,1
2020-03-14 17:31,-1
2020-03-14 19:13,9
2020-03-14 23:03,4
2020-03-15 01:49,-1
2020-03-15 14:45,1
2020-03-15 14:58,0
2020-03-15 15:02,4
2020-03-15 15:20,4
2020-03-15 16:34,2
2020-03-15 17:02,9
2020-03-15 17:09,-1
2020-03-15 17:29,-1
2020-03-15 18:08,1
2020-03-15 22:53,9
2020-03-16 02:51,-1
2020-03-16 03:34,-1
2020-03-16 12:41,-1
2020-03-16 15:00,4
2020-03-16 18:32,10
2020-03-16 20:16,-1
2020-03-16 20:16,-1
2020-03-16 20:29,11
2020-03-16 20:29,-1
2020-03-16 22:51,9
2020-03-17 03:27,1
2020-03-17 12:22,9
2020-03-17 13:27,-1
2020-03-17 13:34,9
2020-03-17 19:31,-1
2020-03-18 10:41,9
2020-03-18 10:53,-1
2020-03-18 11:12,9
2020-03-18 11:46,9
2020-03-18 13:16,-1
2020-03-18 13:29,-1
2020-03-18 13:37,-1
2020-03-18 15:45,-1
2020-03-18 18:40,-1
2020-03-18 19:14,-1
2020-03-18 19:14,4
2020-03-18 20:49,4
2020-03-18 21:37,9
2020-03-18 21:48,-1
2020-03-19 12:54,6
2020-03-19 14:24,1
2020-03-19 22:13,6
2020-03-19 22:16,4
2020-03-19 22:23,9
2020-03-20 18:45,-1
2020-03-20 20:22,-1
2020-03-21 14:13,9
2020-03-21 14:13,9
2020-03-22 02:53,9
2020-03-22 03:14,-1
2020-03-22 03:19,6
2020-03-22 10:07,-1
2020-03-22 14:25,-1
2020-03-22 14:49,-1
2020-03-22 14:52,9
2020-03-22 16:14,1
2020-03-22 17:32,4
2020-03-23 01:20,9
2020-03-23 03:28,1
2020-03-23 03:50,9
2020-03-23 13:07,-1
2020-03-23 14:16,2
2020-03-23 14:28,1
2020-03-23 16:05,4
2020-03-23 21:31,9
2020-03-23 21:31,2
2020-03-24 00:24,-1
2020-03-24 02:44,1
2020-03-24 03:33,3
2020-03-24 04:16,-1
2020-03-24 10:51,1
2020-03-24 12:00,0
2020-03-24 12:04,-1
2020-03-24 12:45,-1
2020-03-24 14:16,-1
2020-03-24 16:04,-1
2020-03-24 19:08,15
2020-03-24 19:31,-1
2020-03-24 19:50,-1
2020-03-25 10:14,9
2020-03-25 10:40,10
2020-03-25 11:36,-1
2020-03-25 11:47,-1
2020-03-25 12:14,3
2020-03-25 14:44,14
2020-03-25 14:49,10
2020-03-25 14:54,-1
2020-03-25 15:45,4
2020-03-25 20:04,1
2020-03-25 21:41,1
2020-03-25 21:41,-1
2020-03-26 04:48,-1
2020-03-26 15:36,-1
2020-03-26 20:57,-1
2020-03-26 23:06,-1
2020-03-26 23:50,-1
2020-03-27 05:19,9
2020-03-27 13:44,-1
2020-03-27 15:16,-1
2020-03-27 15:23,-1
2020-03-27 15:29,-1
2020-03-27 15:31,9
2020-03-27 15:45,1
2020-03-27 15:50,10
2020-03-27 16:16,16
2020-03-27 19:57,4
2020-03-27 20:34,-1
2020-03-27 21:13,9
2020-03-28 01:05,1
2020-03-28 02:29,-1
2020-03-28 04:21,1
2020-03-28 04:49,6
2020-03-28 12:13,1
2020-03-28 12:33,1
2020-03-28 14:16,1
2020-03-28 16:56,5
2020-03-28 17:31,9
2020-03-28 18:33,-1
2020-03-28 22:30,4
2020-03-29 00:19,9
2020-03-29 00:19,9
2020-03-29 15:13,9
2020-03-29 16:07,8
2020-03-29 16:34,-1
2020-03-29 16:53,1
2020-03-29 17:06,1
2020-03-29 17:48,1
2020-03-29 18:10,4
2020-03-29 19:00,-1
2020-03-29 20:06,10
2020-03-30 11:17,3
2020-03-30 17:05,-1
2020-03-30 17:11,4
2020-03-30 22:24,-1
2020-03-31 11:27,10
2020-03-31 13:18,3
2020-03-31 14:48,-1
2020-03-31 19:50,-1
2020-03-31 19:51,-1
2020-03-31 19:52,-1
2020-03-31 23:49,-1
2020-04-01 16:36,-1
2020-04-01 17:05,16
2020-04-02 12:57,-1
2020-04-02 12:57,10
2020-04-02 13:17,-1
2020-04-02 14:12,-1
2020-04-02 14:32,-1
2020-04-02 14:54,-1
2020-04-02 16:48,-1
2020-04-03 00:52,15
2020-04-03 17:12,-1
2020-04-03 17:14,-1
2020-04-03 18:49,-1
2020-04-04 15:17,-1
2020-04-04 17:05,3
2020-04-04 17:07,1
2020-04-04 17:09,-1
2020-04-04 19:10,11
2020-04-04 19:19,15
2020-04-04 19:40,-1
2020-04-04 19:40,-1
2020-04-04 23:25,4
2020-04-05 01:59,6
2020-04-05 02:02,15
2020-04-05 16:23,6
2020-04-05 19:35,-1
2020-04-05 22:19,-1
2020-04-06 11:40,1
2020-04-06 11:49,9
2020-04-06 11:53,1
2020-04-06 11:54,-1
2020-04-06 11:55,6
2020-04-06 13:08,1
2020-04-06 15:34,-1
2020-04-06 21:03,-1
2020-04-07 00:09,-1
2020-04-07 04:35,-1
2020-04-07 15:04,11
2020-04-07 15:22,9
2020-04-07 15:26,-1
2020-04-07 20:03,-1
2020-04-07 21:29,-1
2020-04-08 12:07,10
2020-04-08 12:20,7
2020-04-08 14:42,3
2020-04-08 14:42,1
2020-04-08 14:52,8
2020-04-08 15:26,6
2020-04-08 15:49,-1
2020-04-08 16:09,-1
2020-04-08 16:12,12
2020-04-08 18:11,-1
2020-04-08 20:50,13
2020-04-08 23:15,-1
2020-04-08 23:34,7
2020-04-09 15:08,9
2020-04-09 15:51,4
2020-04-09 18:39,-1
2020-04-09 19:35,1
2020-04-10 00:42,11
2020-04-10 04:56,1
2020-04-10 11:30,8
2020-04-10 11:32,15
2020-04-10 11:48,-1
2020-04-10 14:14,-1
2020-04-10 14:32,-1
2020-04-10 14:35,-1
2020-04-10 14:36,1
2020-04-10 15:15,-1
2020-04-10 15:42,12
2020-04-10 16:44,-1
2020-04-11 16:01,11
2020-04-11 18:33,8
2020-04-11 18:33,-1
2020-04-11 18:43,1
2020-04-11 18:47,1
2020-04-11 18:53,2
2020-04-11 21:48,-1
2020-04-11 21:53,-1
2020-04-11 22:35,11
2020-04-11 23:28,10
2020-04-11 23:34,9
2020-04-12 00:29,7
2020-04-12 00:40,-1
2020-04-12 01:18,-1
2020-04-12 12:06,-1
2020-04-12 14:21,-1
2020-04-12 14:21,10
2020-04-12 16:14,0
2020-04-12 19:25,-1
2020-04-12 19:40,-1
2020-04-12 19:49,-1
2020-04-12 20:43,9
2020-04-12 21:33,-1
2020-04-12 21:43,9
2020-04-12 22:21,-1
2020-04-12 22:51,9
2020-04-13 00:08,6
2020-04-13 00:38,6
2020-04-13 00:47,-1
2020-04-13 01:16,1
2020-04-13 02:08,9
2020-04-13 13:31,-1
2020-04-13 13:31,-1
2020-04-13 14:53,1
2020-04-13 14:53,9
2020-04-13 19:30,-1
2020-04-13 20:31,1
2020-04-13 21:14,4
2020-04-14 00:32,-1
2020-04-14 02:08,-1
2020-04-14 02:27,-1
2020-04-14 02:33,-1
2020-04-14 13:40,15
2020-04-14 14:07,10
2020-04-14 14:24,7
2020-04-14 14:57,10
2020-04-14 15:49,2
2020-04-14 21:21,-1
2020-04-14 23:25,-1
2020-04-15 00:45,-1
2020-04-15 15:37,-1
2020-04-15 15:39,-1
2020-04-15 19:02,8
2020-04-15 20:49,-1
2020-04-16 13:12,12
2020-04-16 13:33,3
2020-04-16 17:11,15
2020-04-16 18:18,-1
2020-04-16 18:24,3
2020-04-16 23:24,-1
2020-04-17 02:05,6
2020-04-17 13:20,9
2020-04-17 13:20,9
2020-04-17 13:50,3
2020-04-17 15:21,-1
2020-04-17 15:22,5
2020-04-17 15:25,-1
2020-04-17 16:11,10
2020-04-17 16:11,9
2020-04-17 16:25,9
2020-04-17 16:30,9
2020-04-17 16:32,9
2020-04-17 17:00,10
2020-04-17 19:33,-1
2020-04-18 03:35,1
2020-04-18 03:40,6
2020-04-18 03:47,6
2020-04-18 03:50,-1
2020-04-18 15:51,11
2020-04-18 16:44,-1
2020-04-18 17:05,6
2020-04-18 17:20,1
2020-04-18 17:20,1
2020-04-18 17:20,9
2020-04-18 18:22,1
2020-04-18 19:03,0
2020-04-18 19:13,12
2020-04-19 16:36,9
2020-04-19 16:58,3
2020-04-19 19:14,8
2020-04-19 19:18,9
2020-04-19 19:38,-1
2020-04-19 20:13,-1
2020-04-20 01:30,-1
2020-04-20 11:57,-1
2020-04-20 13:58,5
2020-04-20 14:32,-1
2020-04-20 15:37,3
2020-04-20 15:37,9
2020-04-20 20:19,-1
2020-04-21 02:02,-1
2020-04-21 02:06,2
2020-04-21 03:14,0
2020-04-21 03:18,1
2020-04-21 10:19,1
2020-04-21 10:40,1
2020-04-21 10:57,1
2020-04-21 11:15,-1
2020-04-21 13:33,-1
2020-04-21 16:49,15
2020-04-21 19:59,-1
2020-04-22 03:36,-1
2020-04-22 11:00,2
2020-04-22 11:53,8
2020-04-22 12:08,16
2020-04-22 14:01,12
2020-04-22 14:14,1
2020-04-22 14:17,1
2020-04-22 20:53,-1
2020-04-23 12:14,6
2020-04-23 12:16,9
2020-04-23 12:19,5
2020-04-23 15:13,-1
2020-04-23 23:54,5
2020-04-24 04:17,-1
2020-04-24 04:29,6
2020-04-24 13:38,9
2020-04-24 13:46,1
2020-04-24 13:53,9
2020-04-24 14:12,9
2020-04-24 14:20,9
2020-04-24 14:40,18
2020-04-24 14:49,1
2020-04-24 14:59,9
2020-04-24 19:08,-1
2020-04-25 12:20,6
2020-04-25 12:45,4
2020-04-25 14:10,9
2020-04-25 14:51,9
2020-04-25 14:57,9
2020-04-25 15:06,9
2020-04-25 15:59,18
2020-04-25 20:30,1
2020-04-25 22:01,1
2020-04-25 22:17,9
2020-04-25 22:23,9
2020-04-26 01:06,4
2020-04-26 16:06,4
2020-04-26 18:21,1
2020-04-26 18:28,1
2020-04-26 18:28,1
2020-04-26 21:21,1
2020-04-26 21:21,7
2020-04-26 21:53,1
2020-04-26 22:54,-1
2020-04-27 01:06,2
2020-04-27 01:42,-1
2020-04-27 12:20,15
2020-04-27 13:41,1
2020-04-27 13:48,1
2020-04-27 14:41,-1
2020-04-27 20:58,-1
2020-04-27 22:59,-1
2020-04-28 02:54,-1
2020-04-28 12:06,9
2020-04-28 13:38,9
2020-04-28 13:42,-1
2020-04-28 13:57,1
2020-04-28 20:24,-1
2020-04-29 02:39,6
2020-04-29 04:23,9
2020-04-29 13:09,1
2020-04-29 14:42,6
2020-04-30 00:34,-1
2020-04-30 04:01,1
2020-04-30 04:09,1
2020-04-30 04:23,-1
2020-04-30 04:41,3
2020-04-30 11:45,9
2020-04-30 11:47,-1
2020-04-30 11:47,0
2020-04-30 11:56,1
2020-04-30 12:11,0
2020-04-30 14:09,-1
2020-04-30 18:25,11
2020-05-01 00:54,10
2020-05-01 11:55,10
2020-05-01 12:07,9
2020-05-01 12:14,-1
2020-05-01 12:42,-1
2020-05-01 15:27,9
2020-05-01 20:44,-1
2020-05-01 23:36,7
2020-05-02 13:06,9
2020-05-02 13:17,12
2020-05-02 14:21,-1
2020-05-02 16:56,0
2020-05-02 20:05,-1
2020-05-02 20:49,1
2020-05-02 21:07,3
2020-05-02 21:14,2
2020-05-02 21:24,6
2020-05-02 22:26,-1
2020-05-02 22:32,6
2020-05-02 23:00,-1
2020-05-02 23:04,3
2020-05-03 11:42,3
2020-05-03 11:57,1
2020-05-03 12:46,4
2020-05-03 12:49,-1
2020-05-03 12:54,-1
2020-05-03 12:56,-1
2020-05-03 13:00,6
2020-05-03 14:43,4
2020-05-03 18:10,6
2020-05-03 20:18,9
2020-05-03 20:18,9
2020-05-03 20:41,6
2020-05-03 22:08,-1
2020-05-04 02:06,-1
2020-05-04 02:42,6
2020-05-04 10:38,1
2020-05-04 12:19,9
2020-05-04 12:31,5
2020-05-04 13:36,17
2020-05-04 13:42,2
2020-05-04 14:24,9
2020-05-04 22:35,9
2020-05-05 02:45,6
2020-05-05 04:46,1
2020-05-05 12:33,-1
2020-05-05 12:36,-1
2020-05-05 12:39,5
2020-05-05 13:13,9
2020-05-05 16:52,1
2020-05-05 16:55,1
2020-05-05 17:35,4
2020-05-05 18:18,-1
2020-05-05 18:37,-1
2020-05-05 18:50,1
2020-05-06 00:02,-1
2020-05-06 03:22,6
2020-05-06 13:05,9
2020-05-06 15:16,1
2020-05-06 20:41,-1
2020-05-07 16:25,4
2020-05-07 17:27,3
2020-05-07 17:27,0
2020-05-07 19:30,-1
2020-05-07 23:56,-1
2020-05-08 11:18,-1
2020-05-08 11:29,-1
2020-05-08 16:58,2
2020-05-08 20:18,-1
2020-05-09 15:45,7
2020-05-09 15:52,-1
2020-05-09 16:09,-1
2020-05-09 16:17,7
2020-05-09 16:28,-1
2020-05-09 18:51,-1
2020-05-09 19:06,11
2020-05-09 19:14,7
2020-05-09 20:15,-1
2020-05-09 20:17,-1
2020-05-10 03:46,-1
2020-05-10 04:02,-1
2020-05-10 11:04,-1
2020-05-10 11:47,-1
2020-05-10 11:48,9
2020-05-10 12:10,4
2020-05-10 14:40,0
2020-05-10 17:06,1
2020-05-10 17:39,-1
2020-05-10 17:40,-1
2020-05-10 19:11,-1
2020-05-10 23:25,9
2020-05-11 02:06,-1
2020-05-11 02:10,-1
2020-05-11 02:41,-1
2020-05-11 13:02,-1
2020-05-11 13:17,1
2020-05-11 13:45,9
2020-05-11 13:52,-1
2020-05-11 13:56,9
2020-05-11 14:16,-1
2020-05-11 14:26,5
2020-05-11 14:28,0
2020-05-11 15:26,-1
2020-05-11 15:32,1
2020-05-12 02:22,-1
2020-05-12 02:33,-1
2020-05-12 03:36,1
2020-05-12 10:20,3
2020-05-12 10:29,6
2020-05-12 10:29,1
2020-05-12 10:33,-1
2020-05-12 10:54,1
2020-05-12 11:00,5
2020-05-12 11:19,11
2020-05-12 11:25,12
2020-05-12 11:27,-1
2020-05-12 11:31,-1
2020-05-12 11:35,9
2020-05-12 11:45,-1
2020-05-12 11:56,9
2020-05-12 12:28,5
2020-05-12 12:30,5
2020-05-12 13:27,-1
2020-05-12 13:40,-1
2020-05-12 13:52,8
2020-05-13 02:43,5
2020-05-13 03:08,3
2020-05-13 03:13,1
2020-05-13 12:58,-1
2020-05-13 13:14,0
2020-05-13 13:26,-1
2020-05-13 13:28,-1
2020-05-13 14:16,8
2020-05-13 14:33,11
2020-05-13 15:40,6
2020-05-14 00:53,0
2020-05-14 00:55,-1
2020-05-14 00:56,-1
2020-05-14 00:57,-1
2020-05-14 12:11,5
2020-05-14 12:37,-1
2020-05-14 12:44,5
2020-05-14 13:07,9
2020-05-14 14:21,0
2020-05-14 15:15,10
2020-05-15 02:13,6
2020-05-15 02:47,5
2020-05-15 03:37,-1
2020-05-15 03:52,-1
2020-05-15 12:19,1
2020-05-15 12:19,1
2020-05-15 18:28,4
2020-05-15 18:50,9
2020-05-15 19:10,5
2020-05-16 01:34,1
2020-05-16 03:34,-1
2020-05-16 04:23,-1
2020-05-16 04:30,-1
2020-05-16 11:56,1
2020-05-16 12:19,-1
2020-05-16 13:10,1
2020-05-16 13:30,1
2020-05-16 13:33,-1
2020-05-16 15:00,12
2020-05-16 15:36,3
2020-05-16 15:51,-1
2020-05-16 19:25,-1
2020-05-16 19:57,-1
2020-05-16 20:14,-1
2020-05-16 22:33,6
2020-05-16 22:58,9
2020-05-16 22:58,11
2020-05-17 04:58,-1
2020-05-17 14:01,9
2020-05-17 14:15,6
2020-05-17 19:19,5
2020-05-17 19:28,-1
2020-05-17 21:17,2
2020-05-17 22:56,9
2020-05-17 23:01,1
2020-05-17 23:03,-1
2020-05-17 23:09,-1
2020-05-17 23:10,6
2020-05-18 00:38,0
2020-05-18 00:48,-1
2020-05-18 01:04,-1
2020-05-18 02:15,-1
2020-05-18 12:24,1
2020-05-18 12:26,6
2020-05-18 12:39,-1
2020-05-18 14:39,13
2020-05-18 14:41,-1
2020-05-18 14:44,-1
2020-05-18 14:45,12
2020-05-18 14:55,6
2020-05-18 15:01,-1
2020-05-18 22:40,-1
2020-05-19 00:33,-1
2020-05-19 01:59,1
2020-05-19 02:55,4
2020-05-19 13:29,1
2020-05-20 02:31,-1
2020-05-20 04:12,-1
2020-05-20 04:37,6
2020-05-20 04:53,1
2020-05-20 12:19,-1
2020-05-20 12:19,-1
2020-05-20 12:35,9
2020-05-20 13:11,7
2020-05-20 14:23,-1
2020-05-20 14:29,-1
2020-05-20 14:42,-1
2020-05-20 15:10,12
2020-05-20 18:13,7
2020-05-20 18:34,-1
2020-05-21 00:13,-1
2020-05-21 00:13,8
2020-05-21 01:36,9
2020-05-21 01:36,9
2020-05-21 01:37,12
2020-05-21 04:28,-1
2020-05-21 18:30,1
2020-05-21 18:30,1
2020-05-21 18:43,7
2020-05-21 22:41,-1
2020-05-21 22:41,4
2020-05-22 00:14,-1
2020-05-22 01:34,-1
2020-05-22 02:15,12
2020-05-22 02:29,9
2020-05-22 02:40,-1
2020-05-22 02:43,7
2020-05-22 03:14,-1
2020-05-22 03:20,-1
2020-05-22 05:13,-1
2020-05-22 14:44,1
2020-05-22 19:46,6
2020-05-22 20:22,-1
2020-05-22 23:10,0
2020-05-22 23:54,5
2020-05-23 12:22,5
2020-05-23 12:52,12
2020-05-23 12:55,-1
2020-05-23 22:57,-1
2020-05-23 22:59,-1
2020-05-23 23:50,-1
2020-05-24 00:05,0
2020-05-24 02:39,12
2020-05-24 03:12,6
2020-05-24 14:08,7
2020-05-24 14:29,1
2020-05-24 14:31,9
2020-05-24 22:51,0
2020-05-25 00:11,-1
2020-05-25 00:31,-1
2020-05-25 00:38,7
2020-05-25 01:46,-1
2020-05-25 01:46,-1
2020-05-25 01:57,8
2020-05-25 02:41,-1
2020-05-25 03:06,-1
2020-05-25 03:06,-1
2020-05-25 12:12,-1
2020-05-25 12:16,4
2020-05-25 12:18,-1
2020-05-25 13:09,-1
2020-05-25 13:31,-1
2020-05-25 13:31,13
2020-05-25 13:31,-1
2020-05-25 16:58,-1
2020-05-25 18:29,-1
2020-05-25 20:00,12
2020-05-25 20:05,11
2020-05-25 20:16,9
2020-05-26 00:02,-1
2020-05-26 12:05,9
2020-05-26 12:17,7
2020-05-26 12:17,7
2020-05-26 12:25,3
2020-05-26 13:19,1
2020-05-26 13:19,12
2020-05-26 13:45,8
2020-05-26 15:01,9
2020-05-26 15:18,9
2020-05-26 15:18,9
2020-05-26 15:48,6
2020-05-26 19:37,0
2020-05-26 19:37,1
2020-05-26 23:21,-1
2020-05-26 23:40,7
2020-05-26 23:40,1
2020-05-27 02:16,1
2020-05-27 02:31,-1
2020-05-27 02:42,-1
2020-05-27 03:54,0
2020-05-27 11:11,1
2020-05-27 11:11,7
2020-05-27 11:21,11
2020-05-27 11:31,0
2020-05-27 11:38,-1
2020-05-27 11:54,13
2020-05-27 11:59,9
2020-05-27 12:42,1
2020-05-27 13:19,9
2020-05-27 14:22,1
2020-05-27 18:09,0
2020-05-27 21:28,-1
2020-05-27 22:16,-1
2020-05-27 22:39,0
2020-05-27 22:39,0
2020-05-27 22:58,-1
2020-05-28 01:36,7
2020-05-28 02:07,7
2020-05-28 03:45,6
2020-05-28 11:53,0
2020-05-28 12:37,1
2020-05-28 13:37,4
2020-05-28 14:34,9
2020-05-28 14:44,-1
2020-05-28 16:20,4
2020-05-28 16:44,7
2020-05-28 21:08,-1
2020-05-28 21:09,-1
2020-05-28 22:50,-1
2020-05-29 00:34,-1
2020-05-29 00:48,1
2020-05-29 01:00,7
2020-05-29 04:53,10
2020-05-29 11:10,9
2020-05-29 12:33,-1
2020-05-29 12:44,1
2020-05-29 13:01,-1
2020-05-29 14:46,10
2020-05-29 15:15,6
2020-05-29 18:20,-1
2020-05-29 18:20,1
2020-05-29 19:46,-1
2020-05-30 03:20,6
2020-05-30 12:41,10
2020-05-30 12:41,10
2020-05-30 12:41,13
2020-05-30 13:34,10
2020-05-30 14:00,10
2020-05-30 14:25,10
2020-05-30 15:54,10
2020-05-30 17:04,0
2020-05-30 18:20,9
2020-05-30 18:33,1
2020-05-30 18:34,10
2020-05-30 18:37,1
2020-05-31 00:20,10
2020-05-31 00:54,-1
2020-05-31 02:08,10
2020-05-31 02:12,10
2020-05-31 16:03,10
2020-05-31 16:12,10
2020-05-31 16:23,10
2020-05-31 16:36,1
2020-05-31 20:04,10
2020-05-31 20:15,10
2020-05-31 20:20,-1
2020-05-31 20:54,-1
2020-05-31 22:08,-1
2020-05-31 22:52,-1
2020-06-01 00:09,-1
2020-06-01 12:20,10
2020-06-01 12:27,10
2020-06-01 12:45,4
2020-06-01 13:20,12
2020-06-01 13:28,12
2020-06-01 17:57,10
2020-06-01 18:24,6
2020-06-01 22:15,-1
2020-06-02 00:09,4
2020-06-02 01:49,6
2020-06-02 03:08,6
2020-06-02 03:57,-1
2020-06-02 04:01,6
2020-06-02 13:19,10
2020-06-02 13:25,5
2020-06-02 13:33,10
2020-06-02 14:32,9
2020-06-02 14:41,-1
2020-06-02 15:10,10
2020-06-02 15:18,-1
2020-06-02 16:12,10
2020-06-02 17:39,-1
2020-06-02 18:27,-1
2020-06-02 18:27,-1
2020-06-02 19:38,10
2020-06-02 19:51,-1
2020-06-02 19:56,12
2020-06-02 23:22,-1
2020-06-03 00:16,10
2020-06-03 01:06,-1
2020-06-03 01:30,4
2020-06-03 02:28,10
2020-06-03 02:41,10
2020-06-03 02:57,10
2020-06-03 03:58,10
2020-06-03 04:15,5
2020-06-03 04:29,10
2020-06-03 10:16,-1
2020-06-03 10:17,-1
2020-06-03 10:46,12
2020-06-03 11:18,-1
2020-06-03 11:19,-1
2020-06-03 11:27,1
2020-06-03 13:02,10
2020-06-03 13:07,-1
2020-06-03 13:07,1
2020-06-04 01:02,-1
2020-06-04 01:02,4
2020-06-04 01:45,8
2020-06-04 02:15,0
2020-06-04 04:01,0
2020-06-04 04:18,4
2020-06-04 04:25,6
2020-06-04 10:16,-1
2020-06-04 10:17,6
2020-06-04 10:54,-1
2020-06-04 10:58,-1
2020-06-04 10:58,-1
2020-06-04 10:59,-1
2020-06-04 12:38,6
2020-06-04 14:37,5
2020-06-04 15:26,16
2020-06-04 15:26,16
2020-06-04 20:08,-1
2020-06-04 22:28,-1
2020-06-04 22:28,16
2020-06-04 22:28,16
2020-06-04 22:44,5
2020-06-04 22:49,4
2020-06-04 22:58,10
2020-06-04 23:16,-1
2020-06-04 23:20,-1
2020-06-04 23:26,4
2020-06-04 23:32,10
2020-06-04 23:36,-1
2020-06-04 23:36,-1
2020-06-05 01:57,-1
2020-06-05 02:16,6
2020-06-05 05:21,16
2020-06-05 11:35,-1
2020-06-05 12:33,8
2020-06-05 12:34,-1
2020-06-05 12:41,-1
2020-06-05 12:48,8
2020-06-05 12:51,8
2020-06-05 12:54,12
2020-06-05 12:59,-1
2020-06-05 16:29,0
2020-06-05 16:31,8
2020-06-05 16:32,-1
2020-06-05 18:04,10
2020-06-05 18:04,4
2020-06-05 20:08,5
2020-06-05 20:08,-1
2020-06-05 23:10,10
2020-06-06 00:50,6
2020-06-06 01:01,10
2020-06-06 01:01,6
2020-06-06 01:26,6
2020-06-06 01:29,-1
2020-06-06 01:36,10
2020-06-06 02:00,6
2020-06-06 02:57,1
2020-06-06 03:19,-1
2020-06-06 11:53,10
2020-06-06 14:36,-1
2020-06-06 19:56,-1
2020-06-06 22:31,8
2020-06-06 22:48,-1
2020-06-07 02:09,-1
2020-06-07 02:12,1
2020-06-07 13:09,10
2020-06-07 13:53,10
2020-06-07 14:01,10
2020-06-07 14:19,-1
2020-06-07 14:31,3
2020-06-07 15:10,17
2020-06-07 15:20,-1
2020-06-07 19:10,-1
2020-06-07 19:15,5
2020-06-07 20:40,10
2020-06-07 20:50,1
2020-06-07 22:08,8
2020-06-07 22:35,3
2020-06-07 22:41,0
2020-06-08 03:42,-1
2020-06-08 03:54,-1
2020-06-08 12:30,-1
2020-06-08 12:33,-1
2020-06-08 12:48,1
2020-06-08 12:57,-1
2020-06-08 13:02,-1
2020-06-08 15:31,8
2020-06-08 15:44,-1
2020-06-08 19:14,1
2020-06-08 19:14,-1
2020-06-08 19:15,-1
2020-06-08 23:14,-1
2020-06-08 23:15,-1
2020-06-08 23:39,-1
2020-06-09 12:01,-1
2020-06-09 12:30,-1
2020-06-09 12:34,10
2020-06-09 12:42,8
2020-06-09 13:39,-1
2020-06-09 13:41,-1
2020-06-09 13:43,-1
2020-06-09 13:51,5
2020-06-09 14:04,-1
2020-06-09 14:19,-1
2020-06-09 14:23,10
2020-06-09 17:42,17
2020-06-09 17:43,-1
2020-06-09 17:44,-1
2020-06-09 18:34,-1
2020-06-10 00:45,6
2020-06-10 02:02,-1
2020-06-10 02:10,-1
2020-06-10 02:14,-1
2020-06-10 12:49,-1
2020-06-10 12:51,10
2020-06-10 13:32,0
2020-06-10 14:33,10
2020-06-10 14:56,1
2020-06-10 18:40,4
2020-06-10 18:40,4
2020-06-10 18:40,4
2020-06-11 02:21,-1
2020-06-11 02:36,-1
2020-06-11 03:27,0
2020-06-11 03:38,10
2020-06-11 12:49,10
2020-06-11 14:02,10
2020-06-11 14:09,0
2020-06-11 15:07,9
2020-06-11 17:23,4
2020-06-11 17:24,10
2020-06-11 18:08,10
2020-06-11 18:21,-1
2020-06-12 01:24,-1
2020-06-12 11:52,-1
2020-06-12 12:37,11
2020-06-12 13:04,3
2020-06-12 13:06,-1
2020-06-12 13:09,10
2020-06-12 14:15,10
2020-06-12 16:39,5
2020-06-13 03:23,-1
2020-06-13 03:23,5
2020-06-13 03:23,4
2020-06-13 11:12,6
2020-06-13 11:36,-1
2020-06-13 11:48,-1
2020-06-13 11:51,1
2020-06-13 11:53,-1
2020-06-13 12:23,-1
2020-06-13 12:24,-1
2020-06-13 20:33,5
2020-06-13 21:13,6
2020-06-13 21:17,-1
2020-06-14 02:57,1
2020-06-14 03:26,5
2020-06-14 13:12,1
2020-06-14 13:15,6
2020-06-14 14:23,-1
2020-06-14 20:34,10
2020-06-14 20:47,10
2020-06-14 21:54,-1
2020-06-15 02:54,-1
2020-06-15 12:43,11
2020-06-15 13:28,5
2020-06-15 14:02,10
2020-06-15 14:14,9
2020-06-15 14:19,-1
2020-06-15 21:08,8
2020-06-15 21:09,9
2020-06-16 03:48,-1
2020-06-16 12:39,8
2020-06-16 19:20,-1
2020-06-17 01:16,-1
2020-06-17 02:31,4
2020-06-17 03:27,-1
2020-06-18 00:00,12
2020-06-18 00:11,-1
2020-06-18 02:27,-1
2020-06-18 04:10,-1
2020-06-18 04:13,-1
2020-06-18 12:43,9
2020-06-18 12:48,1
2020-06-18 12:50,10
2020-06-18 12:54,-1
2020-06-18 13:08,-1
2020-06-18 14:17,-1
2020-06-18 15:08,17
2020-06-18 15:10,17
2020-06-18 17:14,-1
2020-06-18 17:14,4
2020-06-18 17:15,2
2020-06-18 17:20,2
2020-06-18 17:24,17
2020-06-18 17:24,-1
2020-06-18 18:47,10
2020-06-18 19:56,11
2020-06-19 00:12,-1
2020-06-19 02:08,-1
2020-06-19 13:14,2
2020-06-19 13:27,1
2020-06-19 13:34,10
2020-06-19 13:45,-1
2020-06-19 13:54,3
2020-06-19 14:08,5
2020-06-19 14:21,-1
2020-06-19 14:25,-1
2020-06-19 15:48,-1
2020-06-19 19:09,10
2020-06-19 20:24,-1
2020-06-19 20:44,12
2020-06-19 22:59,-1
2020-06-20 02:42,-1
2020-06-20 02:42,10
2020-06-20 03:29,-1
2020-06-20 14:46,-1
2020-06-20 14:46,0
2020-06-20 15:40,-1
2020-06-20 15:40,-1
2020-06-21 02:08,-1
2020-06-21 02:12,-1
2020-06-21 02:45,12
2020-06-21 02:56,-1
2020-06-21 02:59,-1
2020-06-21 16:02,-1
2020-06-21 23:22,2
2020-06-22 04:07,1
2020-06-22 04:14,8
2020-06-22 04:39,6
2020-06-22 04:48,9
2020-06-22 11:10,7
2020-06-22 11:16,7
2020-06-22 12:34,-1
2020-06-22 13:45,7
2020-06-22 14:25,-1
2020-06-22 15:58,-1
2020-06-22 15:59,-1
2020-06-22 18:10,10
2020-06-22 18:15,5
2020-06-22 18:40,1
2020-06-22 18:41,-1
2020-06-22 22:35,2
2020-06-22 22:50,2
2020-06-22 23:35,1
2020-06-23 02:22,11
2020-06-23 02:35,10
2020-06-23 02:46,-1
2020-06-23 04:53,-1
2020-06-23 10:28,-1
2020-06-23 10:46,-1
2020-06-23 10:46,-1
2020-06-23 10:54,9
2020-06-23 14:41,9
2020-06-23 14:41,1
2020-06-23 17:23,5
2020-06-23 19:21,-1
2020-06-23 19:25,9
2020-06-24 01:21,-1
2020-06-24 03:30,2
2020-06-24 03:49,-1
2020-06-24 04:26,5
2020-06-24 14:40,-1
2020-06-24 16:58,-1
2020-06-24 19:21,-1
2020-06-24 21:47,-1
2020-06-24 22:10,-1
2020-06-25 00:40,11
2020-06-25 03:45,-1
2020-06-25 03:45,-1
2020-06-25 04:08,4
2020-06-25 04:19,-1
2020-06-25 14:47,10
2020-06-25 15:20,1
2020-06-25 15:59,12
2020-06-25 16:06,9
2020-06-25 17:04,10
2020-06-25 17:28,-1
2020-06-25 17:29,0
2020-06-25 17:30,10
2020-06-25 17:35,-1
2020-06-25 17:44,5
2020-06-25 22:06,-1
2020-06-26 00:31,1
2020-06-26 02:36,4
2020-06-26 03:54,9
2020-06-26 03:57,6
2020-06-26 17:15,-1
2020-06-26 21:15,10
2020-06-26 21:15,-1
2020-06-26 21:31,7
2020-06-26 21:48,-1
2020-06-27 11:17,1
2020-06-27 11:17,3
2020-06-27 13:23,15
2020-06-27 13:23,15
2020-06-27 19:55,9
2020-06-27 21:00,-1
2020-06-27 21:03,-1
2020-06-27 21:04,-1
2020-06-27 21:30,-1
2020-06-27 21:47,-1
2020-06-27 22:01,-1
2020-06-27 22:01,-1
2020-06-27 22:01,-1
2020-06-27 22:01,-1
2020-06-27 22:01,-1
2020-06-27 22:02,-1
2020-06-27 22:02,-1
2020-06-27 22:02,-1
2020-06-27 22:02,-1
2020-06-27 22:03,-1
2020-06-27 22:03,-1
2020-06-27 22:03,-1
2020-06-27 22:03,-1
2020-06-27 22:03,-1
2020-06-27 22:03,-1
2020-06-28 02:22,-1
2020-06-28 03:53,-1
2020-06-28 11:28,1
2020-06-28 11:28,0
2020-06-28 11:48,0
2020-06-28 11:59,-1
2020-06-28 12:07,-1
2020-06-28 12:16,-1
2020-06-28 12:22,1
2020-06-28 12:37,12
2020-06-29 02:12,-1
2020-06-29 02:18,-1
2020-06-29 02:30,7
2020-06-29 02:40,0
2020-06-29 12:34,5
2020-06-29 13:48,17
2020-06-29 14:15,10
2020-06-29 14:25,1
2020-06-29 19:15,-1
2020-06-30 13:16,-1
2020-06-30 14:13,-1
2020-06-30 14:49,-1
2020-06-30 18:59,-1
2020-06-30 22:46,-1
2020-06-30 22:52,9
2020-06-30 23:00,4
2020-06-30 23:10,-1
2020-07-01 01:20,-1
2020-07-01 01:54,1
2020-07-01 02:01,-1
2020-07-01 02:30,1
2020-07-01 03:29,6
2020-07-01 03:58,-1
2020-07-01 10:50,10
2020-07-01 10:53,1
2020-07-01 11:09,-1
2020-07-01 11:12,-1
2020-07-01 11:19,-1
2020-07-01 12:07,-1
2020-07-01 12:30,-1
2020-07-01 13:48,10
2020-07-01 13:48,10
2020-07-01 17:49,-1
2020-07-01 17:55,-1
2020-07-01 20:18,-1
2020-07-01 23:16,-1
2020-07-02 12:56,-1
2020-07-02 13:11,8
2020-07-02 14:40,-1
2020-07-02 15:27,-1
2020-07-02 21:45,-1
2020-07-02 22:59,4
2020-07-02 23:07,-1
2020-07-02 23:09,-1
2020-07-02 23:11,10
2020-07-02 23:17,5
2020-07-02 23:18,-1
2020-07-02 23:41,7
2020-07-03 00:17,-1
2020-07-03 00:19,-1
2020-07-03 03:25,9
2020-07-03 03:44,9
2020-07-03 12:12,-1
2020-07-03 21:07,5
2020-07-03 21:09,5
2020-07-04 04:14,-1
2020-07-04 05:16,1
2020-07-04 06:32,-1
2020-07-04 15:39,-1
2020-07-04 16:22,-1
2020-07-04 17:18,-1
2020-07-04 17:38,-1
2020-07-04 17:57,-1
2020-07-04 18:49,9
2020-07-04 18:49,9
2020-07-04 20:14,4
2020-07-04 20:19,-1
2020-07-05 03:42,-1
2020-07-05 03:48,4
2020-07-05 05:32,1
2020-07-05 20:47,1
2020-07-05 21:05,1
2020-07-05 21:20,-1
2020-07-05 21:29,10
2020-07-05 22:34,9
2020-07-06 12:13,-1
2020-07-06 12:26,8
2020-07-06 12:28,-1
2020-07-06 12:33,1
2020-07-06 13:17,-1
2020-07-06 13:31,10
2020-07-06 13:39,-1
2020-07-06 18:13,-1
2020-07-06 18:24,9
2020-07-06 18:36,9
2020-07-06 18:36,9
2020-07-06 18:36,9
2020-07-06 18:40,-1
2020-07-06 18:44,12
2020-07-06 19:50,-1
2020-07-06 20:11,-1
2020-07-06 20:17,9
2020-07-06 23:40,-1
2020-07-07 02:00,2
2020-07-07 02:32,9
2020-07-07 02:46,-1
2020-07-07 12:52,9
2020-07-07 15:03,-1
2020-07-07 15:06,-1
2020-07-07 23:47,4
2020-07-08 13:16,-1
2020-07-08 13:33,-1
2020-07-08 13:50,8
2020-07-09 00:09,-1
2020-07-09 03:45,6
2020-07-09 12:39,9
2020-07-09 12:40,-1
2020-07-09 12:50,-1
2020-07-09 12:52,0
2020-07-09 14:38,0
2020-07-09 14:38,17
2020-07-09 15:35,0
2020-07-09 15:35,0
2020-07-09 15:35,-1
2020-07-09 16:14,0
2020-07-09 22:32,-1
2020-07-09 23:12,-1
2020-07-10 02:02,-1
2020-07-10 04:37,-1
2020-07-10 11:35,-1
2020-07-10 11:41,-1
2020-07-10 11:51,7
2020-07-10 11:51,7
2020-07-10 11:51,-1
2020-07-10 14:57,5
2020-07-10 15:49,15
2020-07-10 15:49,-1
2020-07-10 17:11,5
2020-07-10 23:26,-1
2020-07-11 01:11,-1
2020-07-11 11:54,-1
2020-07-11 12:00,0
2020-07-11 12:24,0
2020-07-11 12:25,6
2020-07-11 12:36,-1
2020-07-11 12:45,0
2020-07-12 00:09,6
2020-07-12 00:45,6
2020-07-12 01:00,-1
2020-07-12 01:48,12
2020-07-12 03:09,-1
2020-07-12 03:29,0
2020-07-12 11:52,2
2020-07-12 12:11,-1
2020-07-12 12:11,-1
2020-07-12 12:20,-1
2020-07-12 12:30,10
2020-07-13 11:41,1
2020-07-13 11:54,7
2020-07-13 12:05,10
2020-07-13 13:30,1
2020-07-13 13:31,-1
2020-07-13 13:57,8
2020-07-13 23:08,13
2020-07-14 04:05,8
2020-07-14 04:10,9
2020-07-14 04:18,-1
2020-07-14 13:23,1
2020-07-15 00:10,-1
2020-07-15 01:43,-1
2020-07-15 03:21,5
2020-07-15 11:39,12
2020-07-15 11:49,12
2020-07-15 11:57,-1
2020-07-15 12:09,-1
2020-07-15 12:13,9
2020-07-15 12:22,1
2020-07-15 15:51,-1
2020-07-15 15:51,-1
2020-07-15 16:13,-1
2020-07-15 16:13,16
2020-07-16 00:57,5
2020-07-16 00:57,-1
2020-07-16 00:57,9
2020-07-16 03:13,4
2020-07-17 01:54,1
2020-07-17 16:25,-1
2020-07-17 20:31,-1
2020-07-17 20:34,13
2020-07-17 22:35,-1
2020-07-17 22:35,-1
2020-07-17 22:35,1
2020-07-18 00:24,10
2020-07-18 18:05,4
2020-07-19 11:45,-1
2020-07-19 12:42,10
2020-07-19 16:56,10
2020-07-19 17:14,0
2020-07-20 12:53,6
2020-07-20 19:43,9
2020-07-21 10:21,-1
2020-07-21 10:24,-1
2020-07-21 10:31,9
2020-07-21 10:39,9
2020-07-21 10:48,-1
2020-07-21 11:33,8
2020-07-21 11:41,7
2020-07-22 19:32,-1
2020-07-22 22:46,-1
2020-07-23 11:45,-1
2020-07-23 12:44,3
2020-07-23 13:59,10
2020-07-23 16:09,15
2020-07-23 16:29,-1
2020-07-23 18:46,-1
2020-07-23 23:43,-1
2020-07-24 00:36,-1
2020-07-24 12:55,4
2020-07-24 13:59,-1
2020-07-24 14:28,-1
2020-07-24 22:57,-1
2020-07-24 23:38,0
2020-07-25 03:34,6
2020-07-25 11:09,-1
2020-07-25 11:09,8
2020-07-25 11:22,-1
2020-07-25 11:43,2
2020-07-25 20:15,1
2020-07-25 20:15,4
2020-07-26 02:52,-1
2020-07-26 02:54,-1
2020-07-26 02:57,-1
2020-07-26 04:57,6
2020-07-26 12:38,12
2020-07-26 12:46,5
2020-07-26 12:57,3
2020-07-26 13:06,12
2020-07-26 18:30,1
2020-07-26 19:31,-1
2020-07-26 19:37,10
2020-07-26 19:44,9
2020-07-26 20:51,7
2020-07-26 22:37,10
2020-07-26 23:57,6
2020-07-27 01:01,-1
2020-07-27 01:03,7
2020-07-27 13:57,10
2020-07-27 22:28,-1
2020-07-27 22:41,1
2020-07-27 22:59,-1
2020-07-28 02:58,10
2020-07-28 02:58,12
2020-07-28 12:53,0
2020-07-28 13:48,-1
2020-07-28 13:48,-1
2020-07-29 11:18,-1
2020-07-29 11:30,-1
2020-07-29 11:30,12
2020-07-29 16:07,-1
2020-07-29 16:19,-1
2020-07-29 16:19,-1
2020-07-29 16:26,-1
2020-07-29 16:26,-1
2020-07-29 16:58,1
2020-07-29 17:02,10
2020-07-29 19:57,-1
2020-07-29 22:15,1
2020-07-29 22:28,7
2020-07-29 23:24,7
2020-07-29 23:39,-1
2020-07-30 12:10,7
2020-07-30 12:33,9
2020-07-30 12:46,7
2020-07-30 13:20,10
2020-07-30 13:44,-1
2020-07-30 14:26,5
2020-07-30 18:42,4
2020-07-30 18:42,4
2020-07-30 20:22,7
2020-07-30 20:22,7
2020-07-30 20:23,6
2020-07-30 21:20,-1
2020-07-30 22:34,2
2020-07-30 22:45,9
2020-07-30 23:33,-1
2020-07-31 13:15,-1
2020-07-31 14:08,9
2020-07-31 14:08,1
2020-07-31 18:03,5
2020-07-31 19:02,-1
2020-07-31 19:31,3
2020-07-31 19:33,-1
2020-07-31 19:37,-1
2020-07-31 19:37,15
2020-07-31 21:31,5
2020-07-31 21:36,-1
2020-08-01 00:13,6
2020-08-01 00:32,-1
2020-08-01 03:08,-1
2020-08-01 03:46,-1
2020-08-01 03:52,10
2020-08-01 18:45,9
2020-08-01 18:57,5
2020-08-01 19:11,15
2020-08-01 19:37,15
2020-08-01 20:22,-1
2020-08-01 21:29,-1
2020-08-02 01:56,-1
2020-08-02 04:12,-1
2020-08-02 09:41,0
2020-08-02 10:54,-1
2020-08-02 11:35,9
2020-08-02 12:01,-1
2020-08-02 18:54,-1
2020-08-02 18:59,-1
2020-08-02 19:13,-1
2020-08-02 19:48,-1
2020-08-02 19:48,-1
2020-08-03 01:29,-1
2020-08-03 11:37,7
2020-08-03 11:46,9
2020-08-03 11:49,1
2020-08-03 12:03,-1
2020-08-03 12:22,-1
2020-08-03 12:57,1
2020-08-03 13:44,3
2020-08-03 13:49,8
2020-08-03 15:27,-1
2020-08-04 03:22,-1
2020-08-04 12:20,-1
2020-08-04 13:18,-1
2020-08-04 14:01,-1
2020-08-04 16:33,-1
2020-08-04 16:55,7
2020-08-04 19:13,-1
2020-08-04 19:26,4
2020-08-04 20:10,10
2020-08-04 23:38,-1
2020-08-05 09:57,10
2020-08-05 10:14,15
2020-08-05 10:27,-1
2020-08-05 10:30,-1
2020-08-05 11:08,7
2020-08-05 14:05,1
2020-08-05 14:15,0
2020-08-05 18:09,-1
2020-08-05 18:10,0
2020-08-05 21:03,-1
2020-08-06 00:18,-1
2020-08-06 03:51,-1
2020-08-06 04:06,0
2020-08-06 11:44,12
2020-08-06 15:56,-1
2020-08-06 17:11,-1
2020-08-06 18:07,-1
2020-08-06 21:59,-1
2020-08-07 00:41,-1
2020-08-07 12:30,9
2020-08-07 12:51,0
2020-08-07 13:06,12
2020-08-07 13:48,8
2020-08-07 14:55,-1
2020-08-07 21:03,3
2020-08-07 22:31,-1
2020-08-07 22:32,9
2020-08-07 22:58,-1
2020-08-08 19:28,-1
2020-08-08 20:05,-1
2020-08-08 23:19,-1
2020-08-10 01:07,-1
2020-08-10 01:07,1
2020-08-10 01:45,-1
2020-08-10 13:10,3
2020-08-10 14:39,-1
2020-08-10 14:55,10
2020-08-10 15:00,2
2020-08-10 17:15,-1
2020-08-10 17:20,-1
2020-08-10 18:13,5
2020-08-10 19:38,-1
2020-08-10 23:20,-1
2020-08-11 11:06,1
2020-08-11 11:45,-1
2020-08-11 11:45,0
2020-08-11 12:33,9
2020-08-11 12:34,8
2020-08-11 20:39,-1
2020-08-11 22:31,-1
2020-08-11 23:55,-1
2020-08-11 23:56,-1
2020-08-12 02:06,-1
2020-08-12 11:33,-1
2020-08-12 11:44,-1
2020-08-12 11:59,-1
2020-08-12 12:29,-1
2020-08-12 16:34,-1
2020-08-12 18:44,-1
2020-08-12 18:45,-1
2020-08-13 01:35,-1
2020-08-13 10:44,1
2020-08-13 11:17,1
2020-08-13 13:56,-1
2020-08-13 14:35,-1
2020-08-13 14:50,13
2020-08-13 14:50,13
2020-08-13 15:50,12
2020-08-13 18:22,-1
2020-08-13 18:59,-1
2020-08-13 23:23,5
2020-08-14 11:31,6
2020-08-14 13:29,4
2020-08-14 13:52,10
2020-08-14 16:20,4
2020-08-14 16:23,-1
2020-08-14 16:25,9
2020-08-14 16:26,-1
2020-08-14 16:51,-1
2020-08-14 18:55,-1
2020-08-14 19:02,9
2020-08-14 20:05,10
2020-08-14 21:41,10
2020-08-14 22:15,-1
2020-08-14 22:29,1
2020-08-14 23:43,5
2020-08-15 03:59,10
2020-08-15 04:14,10
2020-08-15 11:35,12
2020-08-15 11:46,-1
2020-08-15 11:46,-1
2020-08-15 12:32,-1
2020-08-15 15:35,9
2020-08-15 17:27,-1
2020-08-15 20:12,-1
2020-08-15 20:21,-1
2020-08-15 20:24,7
2020-08-15 20:25,7
2020-08-16 17:31,1
2020-08-16 18:31,-1
2020-08-16 18:37,6
2020-08-17 01:06,-1
2020-08-17 15:40,7
2020-08-17 16:28,-1
2020-08-17 17:09,1
2020-08-17 17:09,10
2020-08-17 18:37,5
2020-08-17 20:07,3
2020-08-17 20:15,3
2020-08-17 20:18,-1
2020-08-17 20:50,-1
2020-08-17 23:37,1
2020-08-18 02:30,-1
2020-08-18 03:07,10
2020-08-18 03:26,10
2020-08-18 03:54,6
2020-08-18 11:00,-1
2020-08-18 11:00,8
2020-08-18 11:10,9
2020-08-18 11:16,0
2020-08-18 12:30,1
2020-08-18 12:42,-1
2020-08-18 14:18,10
2020-08-18 15:27,-1
2020-08-18 17:38,10
2020-08-18 18:38,-1
2020-08-18 18:38,-1
2020-08-18 21:29,-1
2020-08-18 22:49,-1
2020-08-19 01:35,9
2020-08-19 03:07,3
2020-08-19 03:49,-1
2020-08-19 03:54,3
2020-08-19 03:58,0
2020-08-19 04:40,0
2020-08-19 13:38,-1
2020-08-19 14:00,-1
2020-08-19 14:33,3
2020-08-19 15:20,3
2020-08-19 22:51,-1
2020-08-19 22:54,-1
2020-08-20 01:26,10
2020-08-20 02:33,0
2020-08-20 02:40,12
2020-08-20 03:17,-1
2020-08-20 03:17,-1
2020-08-20 04:38,6
2020-08-20 11:52,1
2020-08-20 11:53,-1
2020-08-20 11:55,-1
2020-08-20 14:56,6
2020-08-20 15:37,6
2020-08-20 16:08,-1
2020-08-20 17:21,6
2020-08-20 17:27,6
2020-08-20 21:32,-1
2020-08-20 22:46,5
2020-08-20 23:28,-1
2020-08-20 23:30,6
2020-08-20 23:57,-1
2020-08-21 00:15,7
2020-08-21 00:42,7
2020-08-21 02:31,12
2020-08-21 02:40,-1
2020-08-21 03:09,6
2020-08-21 13:28,-1
2020-08-21 15:31,-1
2020-08-21 22:55,4
2020-08-22 11:14,10
2020-08-22 11:22,-1
2020-08-22 11:36,7
2020-08-22 11:46,10
2020-08-22 11:49,9
2020-08-22 12:26,9
2020-08-22 12:44,7
2020-08-22 20:51,7
2020-08-22 20:51,3
2020-08-22 22:05,2
2020-08-22 22:07,6
2020-08-22 22:17,12
2020-08-22 22:52,-1
2020-08-23 00:28,-1
2020-08-23 01:26,6
2020-08-23 12:13,10
2020-08-23 13:11,-1
2020-08-23 13:48,-1
2020-08-23 17:33,-1
2020-08-23 18:29,12
2020-08-23 18:37,12
2020-08-23 18:45,1
2020-08-24 00:02,-1
2020-08-24 01:23,0
2020-08-24 01:59,9
2020-08-24 02:00,6
2020-08-24 04:34,-1
2020-08-24 15:25,1
2020-08-24 15:45,3
2020-08-24 18:34,-1
2020-08-24 22:42,7
2020-08-24 22:49,12
2020-08-25 00:38,-1
2020-08-25 01:30,-1
2020-08-25 01:36,-1
2020-08-25 01:54,-1
2020-08-25 01:57,-1
2020-08-25 02:01,-1
2020-08-25 02:06,-1
2020-08-25 02:37,-1
2020-08-25 03:17,-1
2020-08-25 03:58,-1
2020-08-25 04:37,-1
2020-08-25 12:29,1
2020-08-25 13:49,7
2020-08-25 15:39,11
2020-08-25 16:30,-1
2020-08-25 17:14,10
2020-08-25 17:14,10
2020-08-25 23:37,7
2020-08-26 00:16,-1
2020-08-26 01:01,-1
2020-08-26 01:34,-1
2020-08-26 01:38,-1
2020-08-26 01:56,-1
2020-08-26 02:40,-1
2020-08-26 03:20,-1
2020-08-26 03:22,-1
2020-08-26 15:05,12
2020-08-26 16:17,-1
2020-08-26 17:19,10
2020-08-26 17:19,10
2020-08-27 00:49,-1
2020-08-27 01:24,-1
2020-08-27 01:34,-1
2020-08-27 01:53,-1
2020-08-27 02:06,-1
2020-08-27 02:06,-1
2020-08-27 02:31,-1
2020-08-27 23:07,10
2020-08-27 23:18,10
2020-08-27 23:54,-1
2020-08-28 01:04,-1
2020-08-28 01:23,-1
2020-08-28 01:40,-1
2020-08-28 02:02,-1
2020-08-28 02:02,-1
2020-08-28 13:56,-1
2020-08-28 17:01,10
2020-08-28 19:34,6
2020-08-28 21:02,5
2020-08-28 22:17,5
2020-08-29 01:24,5
2020-08-29 01:33,10
2020-08-29 04:07,-1
2020-08-29 04:14,1
2020-08-29 04:19,5
2020-08-29 05:11,10
2020-08-29 11:53,0
2020-08-29 12:01,1
2020-08-29 15:35,1
2020-08-29 15:59,-1
2020-08-29 16:46,-1
2020-08-29 16:50,-1
2020-08-30 01:17,-1
2020-08-30 02:15,-1
2020-08-30 02:38,13
2020-08-30 09:49,10
2020-08-30 10:00,10
2020-08-30 10:28,10
2020-08-30 10:36,-1
2020-08-30 10:37,5
2020-08-30 10:56,6
2020-08-30 11:48,6
2020-08-30 12:04,-1
2020-08-30 20:36,10
2020-08-30 20:36,10
2020-08-30 20:36,10
2020-08-30 20:38,10
2020-08-30 22:05,10
2020-08-30 22:07,-1
2020-08-30 22:16,10
2020-08-31 02:25,-1
2020-08-31 02:25,2
2020-08-31 02:36,-1
2020-08-31 03:03,-1
2020-08-31 13:10,10
2020-08-31 13:13,10
2020-08-31 13:34,1
2020-08-31 13:40,10
2020-08-31 13:41,-1
2020-08-31 18:38,10
2020-08-31 22:20,-1
2020-09-01 03:05,-1
2020-09-01 03:39,-1
2020-09-01 03:42,-1
2020-09-01 12:52,-1
2020-09-01 15:04,-1
2020-09-01 15:09,10
2020-09-01 15:18,5
2020-09-01 16:57,4
2020-09-01 21:53,-1
2020-09-01 23:07,5
2020-09-02 02:27,-1
2020-09-02 09:31,1
2020-09-02 09:40,-1
2020-09-02 09:51,-1
2020-09-02 09:58,7
2020-09-02 10:12,7
2020-09-02 12:26,-1
2020-09-02 12:40,-1
2020-09-02 13:12,3
2020-09-02 13:22,12
2020-09-02 13:28,3
2020-09-02 14:22,1
2020-09-02 14:24,6
2020-09-02 14:28,5
2020-09-02 16:34,-1
2020-09-02 17:34,5
2020-09-02 19:52,12
2020-09-02 20:03,5
2020-09-02 20:05,8
2020-09-02 20:18,10
2020-09-02 21:52,-1
2020-09-03 00:23,-1
2020-09-03 00:27,10
2020-09-03 00:40,6
2020-09-03 12:38,10
2020-09-03 13:35,9
2020-09-03 13:46,10
2020-09-03 14:32,7
2020-09-03 15:12,1
2020-09-03 15:21,1
2020-09-03 17:20,3
2020-09-03 18:27,3
2020-09-03 21:06,16
2020-09-03 21:06,16
2020-09-03 21:47,12
2020-09-03 21:48,-1
2020-09-03 22:18,-1
2020-09-04 01:31,5
2020-09-04 02:36,-1
2020-09-04 02:36,1
2020-09-04 02:36,-1
2020-09-04 03:40,-1
2020-09-04 13:04,8
2020-09-04 14:44,1
2020-09-04 16:34,13
2020-09-04 16:42,13
2020-09-04 16:44,13
2020-09-04 17:37,6
2020-09-04 17:37,-1
2020-09-04 18:49,6
2020-09-04 19:42,-1
2020-09-05 02:58,1
2020-09-05 03:19,1
2020-09-05 03:24,3
2020-09-05 03:56,-1
2020-09-05 03:59,6
2020-09-05 04:22,-1
2020-09-05 11:52,1
2020-09-05 12:31,8
2020-09-05 12:31,-1
2020-09-05 12:47,-1
2020-09-05 18:19,-1
2020-09-05 20:08,-1
2020-09-05 20:16,3
2020-09-06 03:24,-1
2020-09-06 03:32,6
2020-09-06 03:37,-1
2020-09-06 03:47,-1
2020-09-06 10:29,-1
2020-09-06 10:29,-1
2020-09-06 10:29,-1
2020-09-06 10:48,1
2020-09-06 12:31,-1
2020-09-06 12:34,-1
2020-09-06 13:37,1
2020-09-06 15:25,5
2020-09-06 18:32,10
2020-09-06 20:11,8
2020-09-06 21:40,-1
2020-09-06 22:43,-1
2020-09-07 00:43,1
2020-09-07 12:21,-1
2020-09-07 12:25,10
2020-09-07 13:26,9
2020-09-07 13:38,8
2020-09-07 13:53,12
2020-09-07 13:59,-1
2020-09-07 14:02,8
2020-09-07 14:09,10
2020-09-07 15:44,-1
2020-09-07 16:24,8
2020-09-07 16:49,1
2020-09-07 22:50,1
2020-09-08 01:46,-1
2020-09-08 02:23,-1
2020-09-08 11:20,10
2020-09-08 11:55,1
2020-09-08 11:59,0
2020-09-08 12:00,-1
2020-09-08 12:03,-1
2020-09-08 12:12,10
2020-09-08 12:43,-1
2020-09-08 13:21,1
2020-09-08 14:30,-1
2020-09-08 16:24,9
2020-09-08 16:34,10
2020-09-08 17:51,-1
2020-09-08 18:05,-1
2020-09-08 18:46,12
2020-09-08 20:14,5
2020-09-08 20:27,-1
2020-09-08 21:20,5
2020-09-08 22:21,10
2020-09-08 22:38,5
2020-09-09 00:53,-1
2020-09-09 03:01,5
2020-09-09 04:58,12
2020-09-09 12:03,3
2020-09-09 12:53,-1
2020-09-09 12:54,-1
2020-09-09 12:59,13
2020-09-09 13:34,-1
2020-09-09 14:15,4
2020-09-09 18:40,17
2020-09-09 23:04,-1
2020-09-09 23:07,1
2020-09-09 23:18,1
2020-09-09 23:50,-1
2020-09-10 01:00,0
2020-09-10 02:19,5
2020-09-10 12:24,1
2020-09-10 12:39,10
2020-09-10 12:45,14
2020-09-10 12:51,0
2020-09-10 12:54,7
2020-09-10 12:56,-1
2020-09-10 13:02,-1
2020-09-10 13:51,-1
2020-09-10 14:14,10
2020-09-10 18:00,-1
2020-09-10 22:57,5
2020-09-11 01:47,-1
2020-09-11 01:53,-1
2020-09-11 01:57,12
2020-09-11 02:15,12
2020-09-11 02:20,-1
2020-09-11 10:13,-1
2020-09-11 10:45,6
2020-09-11 11:42,4
2020-09-11 15:49,-1
2020-09-11 17:00,13
2020-09-11 17:00,13
2020-09-11 19:43,-1
2020-09-11 20:07,3
2020-09-12 00:28,-1
2020-09-12 01:25,-1
2020-09-12 01:33,0
2020-09-12 02:36,7
2020-09-12 02:43,6
2020-09-12 02:53,6
2020-09-12 13:03,0
2020-09-12 13:03,0
2020-09-12 13:09,-1
2020-09-12 20:10,7
2020-09-12 20:27,0
2020-09-12 21:59,0
2020-09-12 22:05,5
2020-09-12 22:08,-1
2020-09-13 00:13,12
2020-09-13 00:16,12
2020-09-13 01:27,5
2020-09-13 01:58,-1
2020-09-13 04:07,5
2020-09-13 04:20,12
2020-09-13 04:20,-1
2020-09-13 04:35,12
2020-09-13 04:49,12
2020-09-13 05:05,-1
2020-09-13 13:26,-1
2020-09-13 14:00,12
2020-09-13 14:30,-1
2020-09-13 15:47,-1
2020-09-13 16:13,-1
2020-09-13 18:58,-1
2020-09-13 18:58,-1
2020-09-13 23:30,1
2020-09-14 03:43,10
2020-09-14 03:43,4
2020-09-14 04:00,-1
2020-09-14 12:43,-1
2020-09-14 13:12,0
2020-09-14 13:13,6
2020-09-14 14:21,-1
2020-09-14 16:27,-1
2020-09-14 17:22,6
2020-09-14 20:07,6
2020-09-14 20:38,-1
2020-09-14 21:24,-1
2020-09-14 21:45,5
2020-09-15 02:03,-1
2020-09-15 02:23,-1
2020-09-15 02:24,12
2020-09-15 02:31,5
2020-09-15 03:04,16
2020-09-15 03:04,16
2020-09-15 13:49,1
2020-09-15 16:05,13
2020-09-15 18:31,-1
2020-09-15 20:03,4
2020-09-15 21:01,13
2020-09-15 23:27,5
2020-09-16 01:49,6
2020-09-16 04:17,-1
2020-09-16 13:09,-1
2020-09-16 13:14,12
2020-09-16 13:33,5
2020-09-16 13:45,-1
2020-09-16 14:09,9
2020-09-16 14:30,15
2020-09-16 14:50,6
2020-09-16 20:53,-1
2020-09-17 02:20,-1
2020-09-17 11:36,7
2020-09-17 11:45,7
2020-09-17 12:03,-1
2020-09-17 12:07,1
2020-09-17 12:12,-1
2020-09-17 17:38,-1
2020-09-17 18:06,7
2020-09-17 18:12,7
2020-09-17 18:12,7
2020-09-17 18:15,-1
2020-09-17 18:18,7
2020-09-17 18:34,15
2020-09-17 20:38,-1
2020-09-17 20:44,9
2020-09-17 23:22,-1
2020-09-17 23:36,12
2020-09-18 00:06,0
2020-09-18 00:20,7
2020-09-18 03:16,5
2020-09-18 03:24,12
2020-09-18 03:28,-1
2020-09-18 03:40,6
2020-09-18 03:43,12
2020-09-18 03:43,11
2020-09-18 03:46,-1
2020-09-18 13:42,3
2020-09-18 15:02,12
2020-09-18 15:26,9
2020-09-18 18:20,-1
2020-09-18 18:56,-1
2020-09-18 18:56,-1
2020-09-18 20:15,6
2020-09-18 20:54,12
2020-09-18 21:04,-1
2020-09-18 22:56,12
2020-09-18 22:58,12
2020-09-18 22:58,12
2020-09-18 23:01,-1
2020-09-18 23:01,-1
2020-09-19 02:34,17
2020-09-19 14:10,17
2020-09-19 14:10,6
2020-09-20 00:58,-1
2020-09-20 01:08,5
2020-09-20 11:39,-1
2020-09-20 11:48,-1
2020-09-20 11:50,-1
2020-09-20 13:10,6
2020-09-20 13:37,-1
2020-09-20 13:37,-1
2020-09-20 14:10,-1
2020-09-20 14:50,-1
2020-09-20 17:27,-1
2020-09-20 23:11,-1
2020-09-21 11:42,-1
2020-09-21 13:19,3
2020-09-21 18:57,6
2020-09-21 20:52,7
2020-09-21 21:14,-1
2020-09-21 23:14,5
2020-09-22 01:50,5
2020-09-22 02:43,6
2020-09-22 02:59,5
2020-09-22 12:17,-1
2020-09-22 13:38,-1
2020-09-22 13:42,17
2020-09-22 13:44,1
2020-09-22 18:52,-1
2020-09-22 22:53,-1
2020-09-22 22:53,4
2020-09-23 01:20,5
2020-09-23 01:30,12
2020-09-23 01:43,8
2020-09-23 02:28,5
2020-09-23 11:22,-1
2020-09-23 13:21,9
2020-09-23 14:03,-1
2020-09-23 14:06,-1
2020-09-23 18:25,-1
2020-09-23 21:18,-1
2020-09-24 02:44,4
2020-09-24 04:16,-1
2020-09-24 14:21,5
2020-09-24 14:24,-1
2020-09-24 14:27,5
2020-09-24 14:34,12
2020-09-24 16:36,1
2020-09-24 17:10,6
2020-09-24 18:41,5
2020-09-24 20:55,0
2020-09-24 22:10,5
2020-09-24 23:12,5
2020-09-25 00:31,7
2020-09-25 01:18,5
2020-09-25 02:09,7
2020-09-25 02:28,5
2020-09-25 11:03,1
2020-09-25 11:32,7
2020-09-25 17:03,-1
2020-09-25 20:24,-1
2020-09-25 21:28,-1
2020-09-25 21:58,9
2020-09-25 22:11,6
2020-09-25 22:16,0
2020-09-25 22:25,6
2020-09-25 22:43,-1
2020-09-26 00:54,-1
2020-09-26 02:28,6
2020-09-26 04:15,-1
2020-09-26 05:04,-1
2020-09-26 15:22,-1
2020-09-26 16:24,-1
2020-09-26 21:41,-1
2020-09-27 01:12,8
2020-09-27 01:26,-1
2020-09-27 01:59,17
2020-09-27 13:34,12
2020-09-27 13:44,-1
2020-09-27 13:50,-1
2020-09-27 13:58,12
2020-09-27 14:00,7
2020-09-27 14:09,15
2020-09-27 20:45,-1
2020-09-28 04:13,-1
2020-09-28 04:25,0
2020-09-28 14:21,7
2020-09-28 14:29,1
2020-09-28 14:29,-1
2020-09-28 14:29,1
2020-09-28 14:33,12
2020-09-28 18:31,-1
2020-09-29 00:37,-1
2020-09-29 02:31,-1
2020-09-29 02:40,6
2020-09-29 02:59,-1
2020-09-29 03:51,-1
2020-09-29 03:58,1
2020-09-29 04:22,7
2020-09-29 15:53,6
2020-09-29 16:17,-1
2020-09-29 21:13,-1
2020-09-29 21:14,7
2020-09-30 01:15,12
2020-09-30 01:34,12
2020-09-30 01:39,12
2020-09-30 01:57,-1
2020-09-30 02:00,12
2020-09-30 02:02,-1
2020-09-30 02:04,-1
2020-09-30 02:15,-1
2020-09-30 02:20,-1
2020-09-30 02:30,-1
2020-09-30 02:35,-1
2020-09-30 03:57,-1
2020-09-30 13:17,-1
2020-09-30 13:31,12
2020-09-30 14:13,17
2020-09-30 14:22,-1
2020-09-30 15:35,7
2020-09-30 15:52,-1
2020-09-30 16:30,-1
2020-09-30 16:30,-1
2020-09-30 17:26,-1
2020-09-30 18:01,9
2020-09-30 18:23,-1
2020-09-30 18:25,3
2020-09-30 18:46,6
2020-09-30 18:48,-1
2020-09-30 19:19,-1
2020-09-30 19:21,6
2020-09-30 19:40,-1
2020-09-30 20:27,1
2020-09-30 21:16,1
2020-09-30 21:50,-1
2020-09-30 23:48,-1
2020-09-30 23:56,12
2020-10-01 00:07,0
2020-10-01 02:24,12
2020-10-01 02:28,0
2020-10-01 02:31,10
2020-10-01 02:51,-1
2020-10-01 02:59,7
2020-10-01 03:00,6
2020-10-01 03:45,6
2020-10-01 15:14,12
2020-10-01 18:15,12
2020-10-01 19:09,6
2020-10-01 21:24,-1
2020-10-01 21:51,-1
2020-10-01 21:57,6
2020-10-01 22:22,6
2020-10-01 23:06,-1
2020-10-01 23:15,-1
2020-10-02 02:44,9
2020-10-02 04:54,9
2020-10-02 22:31,-1
2020-10-03 03:31,6
2020-10-03 17:19,4
2020-10-03 17:46,15
2020-10-03 22:51,-1
2020-10-04 11:18,-1
2020-10-04 18:37,-1
2020-10-04 19:51,-1
2020-10-04 20:02,-1
2020-10-04 21:16,-1
2020-10-05 10:19,8
2020-10-05 10:30,15
2020-10-05 10:45,-1
2020-10-05 10:47,8
2020-10-05 10:49,-1
2020-10-05 10:50,-1
2020-10-05 10:51,-1
2020-10-05 10:54,-1
2020-10-05 10:57,-1
2020-10-05 11:00,-1
2020-10-05 11:02,-1
2020-10-05 11:04,-1
2020-10-05 11:05,-1
2020-10-05 11:07,15
2020-10-05 11:08,7
2020-10-05 11:10,1
2020-10-05 11:12,-1
2020-10-05 11:14,-1
2020-10-05 12:08,-1
2020-10-05 15:17,-1
2020-10-05 16:21,-1
2020-10-05 18:26,-1
2020-10-05 18:37,4
2020-10-05 20:53,8
2020-10-05 22:23,1
2020-10-05 23:56,-1
2020-10-05 23:56,9
2020-10-05 23:57,-1
2020-10-05 23:59,-1
2020-10-06 11:39,17
2020-10-06 11:45,-1
2020-10-06 14:41,6
2020-10-06 14:42,12
2020-10-06 15:00,7
2020-10-06 15:36,12
2020-10-06 15:43,-1
2020-10-06 15:44,-1
2020-10-06 15:53,-1
2020-10-06 16:03,8
2020-10-06 16:08,15
2020-10-06 17:18,1
2020-10-06 18:48,3
2020-10-06 18:48,8
2020-10-06 18:48,-1
2020-10-06 18:48,15
2020-10-06 21:00,-1
2020-10-06 23:36,3
2020-10-06 23:59,-1
2020-10-07 00:41,0
2020-10-07 00:43,0
2020-10-07 00:45,6
2020-10-07 00:48,0
2020-10-07 00:50,6
2020-10-07 01:00,-1
2020-10-07 01:09,9
2020-10-07 01:21,0
2020-10-07 01:27,1
2020-10-07 01:29,0
2020-10-07 01:32,-1
2020-10-07 01:35,3
2020-10-07 01:54,15
2020-10-07 02:04,7
2020-10-07 02:18,-1
2020-10-07 12:23,1
2020-10-07 12:43,-1
2020-10-07 12:49,-1
2020-10-07 13:02,-1
2020-10-07 13:06,-1
2020-10-07 13:11,5
2020-10-07 13:16,-1
2020-10-07 13:47,6
2020-10-07 13:48,10
2020-10-07 13:51,3
2020-10-07 14:02,-1
2020-10-07 14:07,0
2020-10-07 14:18,1
2020-10-07 14:22,-1
2020-10-07 14:26,1
2020-10-07 14:33,12
2020-10-07 14:51,-1
2020-10-07 15:20,7
2020-10-07 15:25,1
2020-10-07 18:01,7
2020-10-07 18:03,-1
2020-10-07 18:04,-1
2020-10-07 19:43,-1
2020-10-07 21:47,-1
2020-10-07 21:49,4
2020-10-07 23:28,4
2020-10-07 23:33,2
2020-10-07 23:38,-1
2020-10-08 00:15,0
2020-10-08 01:39,-1
2020-10-08 01:51,-1
2020-10-08 01:54,-1
2020-10-08 01:55,-1
2020-10-08 02:03,12
2020-10-08 02:05,-1
2020-10-08 02:09,-1
2020-10-08 02:20,-1
2020-10-08 02:23,-1
2020-10-08 02:24,-1
2020-10-08 02:40,3
2020-10-08 02:49,-1
2020-10-08 02:56,-1
2020-10-08 02:57,-1
2020-10-08 11:47,-1
2020-10-08 12:08,-1
2020-10-08 15:43,-1
2020-10-08 16:03,1
2020-10-08 16:11,-1
2020-10-08 17:13,4
2020-10-08 18:59,9
2020-10-08 19:31,3
2020-10-08 19:31,3
2020-10-08 19:36,-1
2020-10-08 23:32,-1
2020-10-09 00:31,-1
2020-10-09 00:48,-1
2020-10-09 01:08,-1
2020-10-09 01:30,-1
2020-10-09 01:30,4
2020-10-09 01:30,-1
2020-10-09 03:10,9
2020-10-09 03:40,-1
2020-10-09 03:41,-1
2020-10-09 15:13,-1
2020-10-09 15:31,1
2020-10-09 15:41,3
2020-10-09 15:45,-1
2020-10-09 15:48,9
2020-10-09 15:54,-1
2020-10-09 18:44,7
2020-10-09 18:45,-1
2020-10-09 18:50,7
2020-10-09 21:04,5
2020-10-09 22:30,-1
2020-10-09 23:01,-1
2020-10-09 23:31,1
2020-10-09 23:35,-1
2020-10-10 03:09,5
2020-10-10 18:38,-1
2020-10-10 18:38,-1
2020-10-11 00:45,4
2020-10-11 00:47,-1
2020-10-11 01:05,-1
2020-10-11 01:19,-1
2020-10-11 01:39,-1
2020-10-11 01:45,17
2020-10-11 14:11,12
2020-10-11 15:21,1
2020-10-11 17:16,-1
2020-10-11 17:19,17
2020-10-11 20:14,-1
2020-10-11 22:09,9
2020-10-11 22:24,1
2020-10-12 00:35,5
2020-10-12 00:49,10
2020-10-12 00:49,-1
2020-10-12 01:48,6
2020-10-12 01:49,3
2020-10-12 02:31,-1
2020-10-12 11:34,17
2020-10-12 11:41,10
2020-10-12 11:52,9
2020-10-12 11:59,10
2020-10-12 12:04,7
2020-10-12 12:32,5
2020-10-12 12:38,10
2020-10-12 12:39,10
2020-10-12 12:41,10
2020-10-12 12:45,-1
2020-10-12 13:02,1
2020-10-12 13:05,8
2020-10-12 13:56,-1
2020-10-12 14:02,-1
2020-10-12 14:16,8
2020-10-12 14:22,3
2020-10-12 14:47,12
2020-10-12 14:53,-1
2020-10-12 14:58,8
2020-10-12 15:39,-1
2020-10-12 15:48,15
2020-10-12 15:50,-1
2020-10-12 15:55,15
2020-10-12 16:47,8
2020-10-12 16:54,8
2020-10-12 17:30,4
2020-10-12 19:26,12
2020-10-12 19:50,1
2020-10-12 19:51,8
2020-10-12 20:01,12
2020-10-12 20:16,5
2020-10-12 20:22,-1
2020-10-12 20:24,9
2020-10-12 21:10,12
2020-10-12 21:11,12
2020-10-12 21:14,-1
2020-10-12 21:42,9
2020-10-12 22:18,7
2020-10-12 22:22,12
2020-10-12 22:30,1
2020-10-13 00:14,5
2020-10-13 00:27,12
2020-10-13 00:38,7
2020-10-13 01:55,-1
2020-10-13 02:03,-1
2020-10-13 10:46,-1
2020-10-13 11:10,6
2020-10-13 11:37,1
2020-10-13 11:44,-1
2020-10-13 11:48,8
2020-10-13 11:50,15
2020-10-13 12:11,9
2020-10-13 13:43,-1
2020-10-13 15:01,15
2020-10-13 15:04,7
2020-10-13 16:48,-1
2020-10-13 21:56,-1
2020-10-13 21:56,15
2020-10-13 22:40,9
2020-10-13 22:41,5
2020-10-13 23:24,5
2020-10-14 01:00,17
2020-10-14 01:06,5
2020-10-14 01:19,12
2020-10-14 01:23,4
2020-10-14 01:25,-1
2020-10-14 01:50,-1
2020-10-14 03:08,6
2020-10-14 03:38,-1
2020-10-14 03:47,-1
2020-10-14 04:08,5
2020-10-14 12:52,-1
2020-10-14 14:14,-1
2020-10-14 14:29,-1
2020-10-14 20:28,5
2020-10-14 22:09,1
2020-10-14 22:56,-1
2020-10-14 23:06,-1
2020-10-15 01:54,5
2020-10-15 01:56,12
2020-10-15 03:22,12
2020-10-15 03:26,-1
2020-10-15 03:53,0
2020-10-15 04:24,-1
2020-10-15 04:27,10
2020-10-15 04:34,-1
2020-10-15 04:37,-1
2020-10-15 15:10,5
2020-10-15 15:38,12
2020-10-15 17:14,5
2020-10-15 19:21,1
2020-10-15 19:24,-1
2020-10-15 19:28,17
2020-10-15 19:54,1
2020-10-15 20:31,1
2020-10-15 20:41,-1
2020-10-15 20:45,5
2020-10-16 10:07,1
2020-10-16 10:44,12
2020-10-16 11:17,-1
2020-10-16 11:24,-1
2020-10-16 11:29,-1
2020-10-16 12:15,1
2020-10-16 12:22,1
2020-10-16 12:36,-1
2020-10-16 16:13,-1
2020-10-16 16:30,-1
2020-10-16 20:23,5
2020-10-16 22:06,5
2020-10-16 22:27,-1
2020-10-16 22:53,5
2020-10-17 01:19,5
2020-10-17 02:06,-1
2020-10-17 13:39,-1
2020-10-17 13:39,-1
2020-10-17 16:00,-1
2020-10-17 16:01,-1
2020-10-17 16:19,-1
2020-10-17 19:12,1
2020-10-17 19:15,12
2020-10-17 19:18,-1
2020-10-17 19:39,3
2020-10-17 20:48,18
2020-10-17 20:56,5
2020-10-17 22:54,5
2020-10-17 22:58,12
2020-10-17 22:59,-1
2020-10-17 23:01,5
2020-10-17 23:12,5
2020-10-18 01:39,5
2020-10-18 01:50,-1
2020-10-18 01:51,3
2020-10-18 01:53,-1
2020-10-18 02:19,-1
2020-10-18 02:25,12
2020-10-18 02:25,12
2020-10-18 02:39,-1
2020-10-18 04:02,7
2020-10-18 05:03,6
2020-10-18 13:40,9
2020-10-18 13:50,12
2020-10-18 15:39,12
2020-10-18 16:02,12
2020-10-18 16:14,2
2020-10-18 18:14,-1
2020-10-18 22:15,5
2020-10-18 22:37,-1
2020-10-18 22:44,12
2020-10-18 23:03,-1
2020-10-18 23:04,-1
2020-10-18 23:04,-1
2020-10-18 23:04,-1
2020-10-19 01:00,5
2020-10-19 01:05,-1
2020-10-19 01:38,12
2020-10-19 05:19,3
2020-10-19 15:02,-1
2020-10-19 17:19,5
2020-10-19 17:39,5
2020-10-19 18:01,13
2020-10-19 18:08,1
2020-10-19 18:08,-1
2020-10-19 19:08,10
2020-10-19 19:08,10
2020-10-19 19:18,-1
2020-10-19 19:41,5
2020-10-19 20:55,5
2020-10-19 21:23,5
2020-10-19 23:51,5
2020-10-20 11:55,-1
2020-10-20 13:48,10
2020-10-20 14:02,8
2020-10-20 17:50,-1
2020-10-20 18:46,-1
2020-10-20 20:06,1
2020-10-20 22:09,1
2020-10-20 22:09,12
2020-10-21 01:00,5
2020-10-21 01:42,-1
2020-10-21 11:50,-1
2020-10-21 12:06,12
2020-10-21 12:15,-1
2020-10-21 12:21,7
2020-10-21 12:28,6
2020-10-21 12:54,-1
2020-10-21 14:38,-1
2020-10-21 15:52,-1
2020-10-21 18:17,1
2020-10-21 18:18,-1
2020-10-21 21:31,3
2020-10-21 21:31,9
2020-10-21 22:31,12
2020-10-22 00:37,6
2020-10-22 00:50,17
2020-10-22 00:56,-1
2020-10-22 01:24,-1
2020-10-22 01:29,-1
2020-10-22 01:47,12
2020-10-22 02:01,1
2020-10-22 11:01,6
2020-10-22 11:02,5
2020-10-22 12:05,1
2020-10-22 12:28,5
2020-10-22 13:47,1
2020-10-22 14:22,-1
2020-10-22 15:23,-1
2020-10-22 15:24,1
2020-10-22 15:26,-1
2020-10-22 15:32,-1
2020-10-22 15:50,17
2020-10-22 16:10,12
2020-10-22 18:06,5
2020-10-22 18:31,-1
2020-10-22 21:04,-1
2020-10-23 02:32,-1
2020-10-23 04:09,-1
2020-10-23 04:46,-1
2020-10-23 04:46,-1
2020-10-23 04:46,-1
2020-10-23 04:52,-1
2020-10-23 04:52,-1
2020-10-23 05:26,6
2020-10-23 15:04,6
2020-10-23 16:55,13
2020-10-23 18:40,12
2020-10-23 18:45,-1
2020-10-23 19:16,9
2020-10-23 19:30,-1
2020-10-23 19:35,4
2020-10-23 19:36,-1
2020-10-23 19:49,-1
2020-10-23 19:50,-1
2020-10-23 22:04,5
2020-10-24 02:01,-1
2020-10-24 02:06,12
2020-10-24 02:06,10
2020-10-24 02:06,12
2020-10-24 02:11,-1
2020-10-24 04:46,-1
2020-10-24 14:27,-1
2020-10-24 14:28,6
2020-10-24 14:55,9
2020-10-24 15:54,-1
2020-10-24 15:57,-1
2020-10-24 16:18,17
2020-10-24 16:31,5
2020-10-24 16:51,12
2020-10-24 18:54,-1
2020-10-24 18:55,-1
2020-10-24 18:56,-1
2020-10-24 20:11,-1
2020-10-24 22:50,5
2020-10-25 00:36,7
2020-10-25 00:40,5
2020-10-25 01:02,0
2020-10-25 02:42,2
2020-10-25 02:58,-1
2020-10-25 03:11,-1
2020-10-25 05:05,-1
2020-10-25 12:02,3
2020-10-25 12:08,3
2020-10-25 12:45,7
2020-10-25 13:57,5
2020-10-25 15:51,7
2020-10-25 21:38,6
2020-10-25 21:44,13
2020-10-25 23:24,-1
2020-10-26 04:39,7
2020-10-26 11:30,-1
2020-10-26 11:36,9
2020-10-26 11:39,5
2020-10-26 11:41,-1
2020-10-26 11:41,7
2020-10-26 11:46,10
2020-10-26 12:46,1
2020-10-26 12:58,1
2020-10-26 13:06,-1
2020-10-26 14:36,6
2020-10-26 17:00,5
2020-10-26 19:35,-1
2020-10-26 19:59,-1
2020-10-26 22:43,-1
2020-10-27 00:00,-1
2020-10-27 02:21,-1
2020-10-27 03:41,-1
2020-10-27 10:53,12
2020-10-27 11:07,17
2020-10-27 11:27,-1
2020-10-27 11:31,-1
2020-10-27 11:53,-1
2020-10-27 11:54,-1
2020-10-27 13:03,10
2020-10-27 13:13,5
2020-10-27 13:18,-1
2020-10-27 13:36,3
2020-10-27 13:47,5
2020-10-27 13:53,-1
2020-10-27 14:07,-1
2020-10-27 14:57,9
2020-10-27 15:13,-1
2020-10-27 15:25,1
2020-10-27 15:35,12
2020-10-27 16:06,5
2020-10-27 16:28,1
2020-10-27 17:41,5
2020-10-27 18:06,9
2020-10-27 18:15,-1
2020-10-27 20:32,-1
2020-10-27 21:18,-1
2020-10-27 21:53,5
2020-10-27 23:25,-1
2020-10-27 23:33,12
2020-10-27 23:33,2
2020-10-28 00:18,5
2020-10-28 02:28,-1
2020-10-28 02:53,-1
2020-10-28 03:02,-1
2020-10-28 03:31,5
2020-10-28 04:56,-1
2020-10-28 11:32,-1
2020-10-28 12:35,-1
2020-10-28 14:51,5
2020-10-28 15:22,1
2020-10-28 16:27,-1
2020-10-28 16:33,1
2020-10-28 16:36,1
2020-10-28 18:54,1
2020-10-28 21:05,4
2020-10-28 21:09,12
2020-10-28 21:17,6
2020-10-28 21:42,1
2020-10-28 23:19,5
2020-10-28 23:25,4
2020-10-28 23:32,-1
2020-10-28 23:34,1
2020-10-28 23:41,-1
2020-10-29 00:53,-1
2020-10-29 02:36,6
2020-10-29 04:09,3
2020-10-29 12:43,-1
2020-10-29 12:49,-1
2020-10-29 13:35,3
2020-10-29 13:55,-1
2020-10-29 14:07,6
2020-10-29 16:46,13
2020-10-29 16:56,1
2020-10-29 17:05,8
2020-10-29 17:12,5
2020-10-29 17:25,1
2020-10-29 19:49,5
2020-10-29 19:54,-1
2020-10-29 19:58,-1
2020-10-29 20:05,12
2020-10-29 20:39,-1
2020-10-29 20:48,5
2020-10-29 23:34,-1
2020-10-29 23:45,13
2020-10-30 00:04,1
2020-10-30 00:14,-1
2020-10-30 02:32,-1
2020-10-30 02:33,-1
2020-10-30 06:32,-1
2020-10-30 06:32,-1
2020-10-30 06:34,-1
2020-10-30 06:37,12
2020-10-30 06:40,17
2020-10-30 06:57,17
2020-10-30 12:15,9
2020-10-30 12:22,9
2020-10-30 12:54,7
2020-10-30 13:05,8
2020-10-30 13:17,17
2020-10-30 13:19,-1
2020-10-30 13:36,-1
2020-10-30 15:49,7
2020-10-30 16:48,4
2020-10-30 18:56,-1
2020-10-30 19:03,12
2020-10-30 19:05,1
2020-10-30 19:10,12
2020-10-30 19:12,-1
2020-10-30 21:48,7
2020-10-30 22:02,-1
2020-10-30 23:42,5
2020-10-30 23:51,12
2020-10-31 00:04,-1
2020-10-31 00:05,-1
2020-10-31 00:23,-1
2020-10-31 00:23,-1
2020-10-31 00:29,12
2020-10-31 00:29,4
2020-10-31 03:51,-1
2020-10-31 04:39,-1
2020-10-31 05:20,-1
2020-10-31 05:42,-1
2020-10-31 12:25,-1
2020-10-31 12:34,-1
2020-10-31 12:39,17
2020-10-31 13:40,-1
2020-10-31 13:41,4
2020-10-31 15:20,6
2020-10-31 15:22,9
2020-10-31 15:57,4
2020-10-31 16:11,5
2020-10-31 18:37,12
2020-10-31 19:07,-1
2020-10-31 21:26,16
2020-10-31 21:31,4
2020-10-31 21:36,5
2020-10-31 21:47,5
2020-10-31 22:07,-1
2020-10-31 23:51,-1
2020-10-31 23:52,-1
2020-11-01 00:13,-1
2020-11-01 00:41,-1
2020-11-01 02:07,-1
2020-11-01 02:09,-1
2020-11-01 02:47,-1
2020-11-01 03:47,-1
2020-11-01 03:48,-1
2020-11-01 03:52,6
2020-11-01 04:11,-1
2020-11-01 04:32,-1
2020-11-01 04:47,1
2020-11-01 11:26,17
2020-11-01 11:34,12
2020-11-01 11:49,-1
2020-11-01 12:57,-1
2020-11-01 13:25,12
2020-11-01 13:54,0
2020-11-01 14:57,-1
2020-11-01 15:16,-1
2020-11-01 15:34,-1
2020-11-01 15:41,1
2020-11-01 16:12,10
2020-11-01 17:32,12
2020-11-01 19:08,-1
2020-11-01 19:20,1
2020-11-01 19:22,5
2020-11-01 21:40,5
2020-11-01 21:53,9
2020-11-01 21:58,-1
2020-11-01 22:34,12
2020-11-01 22:35,10
2020-11-01 22:35,-1
2020-11-02 01:18,10
2020-11-02 04:17,8
2020-11-02 04:21,17
2020-11-02 04:22,5
2020-11-02 04:24,-1
2020-11-02 06:25,-1
2020-11-02 06:51,-1
2020-11-02 06:51,-1
2020-11-02 13:11,5
2020-11-02 14:11,6
2020-11-02 15:17,10
2020-11-02 16:10,5
2020-11-02 16:38,5
2020-11-02 16:44,-1
2020-11-02 18:08,9
2020-11-02 18:12,-1
2020-11-02 18:17,15
2020-11-02 18:26,12
2020-11-02 18:26,12
2020-11-02 18:35,9
2020-11-02 18:41,-1
2020-11-02 18:44,17
2020-11-02 18:48,-1
2020-11-02 19:05,-1
2020-11-02 19:22,-1
2020-11-02 19:29,11
2020-11-02 21:24,12
2020-11-02 21:33,9
2020-11-02 21:49,-1
2020-11-02 22:12,4
2020-11-02 22:23,-1
2020-11-02 22:24,-1
2020-11-02 22:39,5
2020-11-03 00:36,-1
2020-11-03 00:40,13
2020-11-03 00:40,12
2020-11-03 00:42,-1
2020-11-03 00:43,4
2020-11-03 00:46,5
2020-11-03 00:53,-1
2020-11-03 03:33,-1
2020-11-03 03:37,-1
2020-11-03 03:43,-1
2020-11-03 03:45,-1
2020-11-03 04:02,5
2020-11-03 04:25,13
2020-11-03 07:01,4
2020-11-03 07:28,6
2020-11-03 07:30,6
2020-11-03 07:57,-1
2020-11-03 14:04,-1
2020-11-03 16:53,-1
2020-11-03 17:38,6
2020-11-03 18:22,-1
2020-11-03 18:22,-1
2020-11-03 20:37,8
2020-11-03 23:15,4
2020-11-04 05:45,6
2020-11-04 15:17,7
2020-11-04 15:35,-1
2020-11-04 16:55,7
2020-11-04 18:43,-1
2020-11-04 18:52,7
2020-11-04 21:56,7
2020-11-04 23:24,7
2020-11-05 00:00,-1
2020-11-05 00:01,7
2020-11-05 14:12,6
2020-11-05 15:37,1
2020-11-05 15:38,1
2020-11-05 16:07,5
2020-11-05 23:26,-1
2020-11-06 02:38,-1
2020-11-06 07:20,-1
2020-11-06 07:23,1
2020-11-06 15:07,7
2020-11-06 16:28,-1
2020-11-06 16:28,-1
2020-11-06 16:28,-1
2020-11-06 16:28,7
2020-11-06 16:37,3
2020-11-06 17:38,18
2020-11-06 22:50,12
2020-11-06 23:25,7
2020-11-07 02:26,0
2020-11-07 04:10,6
2020-11-07 14:45,-1
2020-11-07 15:23,7
2020-11-07 15:36,-1
2020-11-07 21:53,7
2020-11-07 21:54,-1
2020-11-08 13:38,7
2020-11-08 13:38,7
2020-11-08 13:38,7
2020-11-08 13:38,-1
2020-11-08 14:17,7
2020-11-08 14:17,7
2020-11-08 18:52,-1
2020-11-08 19:55,7
2020-11-08 22:18,7
2020-11-08 22:26,-1
2020-11-09 00:22,-1
2020-11-09 00:23,-1
2020-11-09 04:14,-1
2020-11-09 04:34,-1
2020-11-09 04:34,-1
2020-11-09 04:34,-1
2020-11-09 04:34,-1
2020-11-09 04:35,-1
2020-11-09 04:54,-1
2020-11-09 12:31,9
2020-11-09 17:54,-1
2020-11-09 17:54,-1
2020-11-09 19:36,7
2020-11-09 19:54,7
2020-11-09 20:02,5
2020-11-09 20:17,7
2020-11-09 20:21,18
2020-11-09 23:11,-1
2020-11-09 23:12,-1
2020-11-09 23:14,-1
2020-11-10 00:19,-1
2020-11-10 00:23,-1
2020-11-10 00:38,1
2020-11-10 00:38,1
2020-11-10 00:38,1
2020-11-10 00:40,9
2020-11-10 00:41,9
2020-11-10 00:43,9
2020-11-10 01:01,-1
2020-11-10 01:03,-1
2020-11-10 01:03,-1
2020-11-10 01:27,-1
2020-11-10 05:18,1
2020-11-10 05:38,6
2020-11-10 13:01,9
2020-11-10 13:05,9
2020-11-10 13:43,-1
2020-11-10 13:44,6
2020-11-10 15:33,7
2020-11-10 15:33,9
2020-11-10 15:51,7
2020-11-10 16:04,0
2020-11-10 16:49,4
2020-11-10 17:13,-1
2020-11-10 17:13,-1
2020-11-10 23:21,7
2020-11-11 00:04,-1
2020-11-11 00:06,-1
2020-11-11 00:07,-1
2020-11-11 00:55,7
2020-11-11 01:55,0
2020-11-11 01:59,-1
2020-11-11 02:06,5
2020-11-11 02:09,-1
2020-11-11 02:15,7
2020-11-11 02:20,7
2020-11-11 02:26,0
2020-11-11 02:37,7
2020-11-11 03:41,-1
2020-11-11 13:35,1
2020-11-11 13:48,1
2020-11-11 14:03,7
2020-11-11 15:07,-1
2020-11-11 17:13,-1
2020-11-11 19:53,-1
2020-11-11 20:52,-1
2020-11-11 20:59,7
2020-11-11 23:04,6
2020-11-11 23:48,1
2020-11-11 23:50,-1
2020-11-12 00:13,7
2020-11-12 02:21,-1
2020-11-12 03:41,-1
2020-11-12 04:17,7
2020-11-12 13:13,7
2020-11-12 13:15,6
2020-11-12 13:20,7
2020-11-12 13:50,0
2020-11-12 14:26,-1
2020-11-12 15:12,6
2020-11-12 15:16,7
2020-11-12 15:17,6
2020-11-12 15:25,-1
2020-11-12 16:10,-1
2020-11-12 16:34,7
2020-11-13 03:46,7
2020-11-13 04:14,-1
2020-11-13 04:17,7
2020-11-13 15:54,7
2020-11-13 15:55,-1
2020-11-13 15:59,0
2020-11-13 18:35,-1
2020-11-13 20:38,7
2020-11-13 21:07,-1
2020-11-13 22:01,-1
2020-11-13 22:01,-1
2020-11-13 22:21,-1
2020-11-13 23:19,-1
2020-11-14 00:09,-1
2020-11-14 00:12,-1
2020-11-14 00:28,7
2020-11-14 00:50,18
2020-11-14 02:23,7
2020-11-14 02:29,17
2020-11-14 05:21,7
2020-11-14 05:22,-1
2020-11-14 06:08,-1
2020-11-14 14:29,18
2020-11-14 14:29,0
2020-11-14 15:23,9
2020-11-14 15:24,-1
2020-11-14 15:44,9
2020-11-14 15:44,9
2020-11-14 17:47,-1
2020-11-14 20:07,-1
2020-11-14 20:17,6
2020-11-14 20:24,7
2020-11-14 20:51,18
2020-11-14 20:55,-1
2020-11-14 20:57,7
2020-11-14 20:57,-1
2020-11-14 21:01,6
2020-11-14 21:10,-1
2020-11-14 21:24,1
2020-11-14 21:58,-1
2020-11-14 23:07,7
2020-11-15 03:11,-1
2020-11-15 04:17,10
2020-11-15 04:43,10
2020-11-15 04:49,3
2020-11-15 04:51,1
2020-11-15 04:56,1
2020-11-15 05:00,1
2020-11-15 05:05,1
2020-11-15 05:07,-1
2020-11-15 12:25,-1
2020-11-15 12:32,18
2020-11-15 12:47,7
2020-11-15 12:56,7
2020-11-15 13:04,7
2020-11-15 14:16,7
2020-11-15 14:19,7
2020-11-15 14:55,6
2020-11-15 14:59,-1
2020-11-15 18:20,-1
2020-11-15 19:20,-1
2020-11-15 19:31,6
2020-11-15 21:36,10
2020-11-15 21:51,7
2020-11-15 21:54,6
2020-11-15 21:55,6
2020-11-15 22:21,2
2020-11-16 00:47,16
2020-11-16 01:46,12
2020-11-16 01:46,7
2020-11-16 01:46,3
2020-11-16 04:55,-1
2020-11-16 13:09,1
2020-11-16 13:13,6
2020-11-16 13:14,6
2020-11-16 13:15,7
2020-11-16 13:24,6
2020-11-16 13:26,7
2020-11-16 13:33,6
2020-11-16 13:51,-1
2020-11-16 14:04,18
2020-11-16 14:06,-1
2020-11-16 14:19,9
2020-11-16 14:49,5
2020-11-16 15:29,7
2020-11-16 15:37,-1
2020-11-16 15:59,17
2020-11-16 16:02,9
2020-11-16 16:11,9
2020-11-16 16:59,18
2020-11-16 21:23,7
2020-11-16 23:43,7
2020-11-17 04:20,-1
2020-11-17 20:47,-1
2020-11-17 21:39,6
2020-11-17 22:37,-1
2020-11-17 22:39,-1
2020-11-17 22:40,-1
2020-11-18 00:07,7
2020-11-18 00:07,7
2020-11-18 00:14,-1
2020-11-18 00:25,3
2020-11-18 00:54,-1
2020-11-18 01:05,18
2020-11-18 02:11,-1
2020-11-18 02:18,5
2020-11-18 02:22,-1
2020-11-18 02:24,-1
2020-11-18 03:20,18
2020-11-18 13:15,-1
2020-11-18 13:31,7
2020-11-18 13:55,7
2020-11-18 14:11,7
2020-11-18 14:16,7
2020-11-18 14:31,18
2020-11-18 14:54,7
2020-11-18 15:38,7
2020-11-18 15:41,7
2020-11-18 16:04,7
2020-11-18 16:23,5
2020-11-18 17:43,-1
2020-11-18 19:54,6
2020-11-19 01:22,7
2020-11-19 05:27,7
2020-11-19 05:41,7
2020-11-19 12:17,6
2020-11-19 12:19,6
2020-11-19 12:30,7
2020-11-19 12:31,4
2020-11-19 12:33,9
2020-11-19 12:46,7
2020-11-19 12:59,-1
2020-11-19 13:46,18
2020-11-19 13:59,18
2020-11-19 16:22,7
2020-11-19 16:36,9
2020-11-19 17:34,7
2020-11-19 20:26,7
2020-11-19 20:27,6
2020-11-19 21:21,-1
2020-11-19 23:31,6
2020-11-20 01:49,7
2020-11-20 12:14,7
2020-11-20 12:18,7
2020-11-20 12:52,-1
2020-11-20 12:56,1
2020-11-20 13:01,6
2020-11-20 13:35,1
2020-11-20 13:53,7
2020-11-20 18:20,-1
2020-11-20 19:38,18
2020-11-20 19:38,7
2020-11-21 01:42,-1
2020-11-21 01:42,-1
2020-11-21 01:43,-1
2020-11-21 12:18,-1
2020-11-21 13:13,1
2020-11-21 13:15,7
2020-11-21 13:21,0
2020-11-21 13:41,-1
2020-11-21 13:58,18
2020-11-21 17:18,4
2020-11-21 20:34,12
2020-11-21 21:20,-1
2020-11-21 22:13,9
2020-11-21 22:35,-1
2020-11-21 22:48,9
2020-11-21 23:13,1
2020-11-22 01:18,7
2020-11-22 01:18,7
2020-11-22 01:33,7
2020-11-22 01:41,7
2020-11-22 01:49,7
2020-11-22 03:25,-1
2020-11-22 04:15,9
2020-11-22 04:23,-1
2020-11-22 04:30,7
2020-11-22 04:31,7
2020-11-22 04:32,7
2020-11-22 04:54,0
2020-11-22 04:55,17
2020-11-22 12:11,-1
2020-11-22 12:24,-1
2020-11-22 12:25,-1
2020-11-22 12:27,-1
2020-11-22 13:13,1
2020-11-22 16:56,7
2020-11-22 16:59,9
2020-11-22 19:54,4
2020-11-23 04:37,7
2020-11-23 04:57,-1
2020-11-23 23:16,-1
2020-11-23 23:16,11
2020-11-24 02:10,-1
2020-11-24 04:07,7
2020-11-24 12:33,7
2020-11-24 12:50,-1
2020-11-24 12:52,1
2020-11-24 12:53,3
2020-11-24 13:17,7
2020-11-24 13:29,-1
2020-11-24 14:45,-1
2020-11-24 19:25,-1
2020-11-24 20:07,-1
2020-11-24 21:46,-1
2020-11-25 00:26,7
2020-11-25 00:26,18
2020-11-25 00:27,-1
2020-11-25 00:55,6
2020-11-25 01:08,-1
2020-11-25 03:34,-1
2020-11-25 15:33,-1
2020-11-25 15:44,6
2020-11-25 17:39,1
2020-11-25 17:45,7
2020-11-25 18:51,-1
2020-11-25 19:41,7
2020-11-25 20:24,-1
2020-11-25 21:08,-1
2020-11-25 23:17,7
2020-11-25 23:59,-1
2020-11-26 00:01,6
2020-11-26 00:02,7
2020-11-26 00:07,7
2020-11-26 00:20,6
2020-11-26 00:34,-1
2020-11-26 00:46,-1
2020-11-26 15:44,7
2020-11-26 15:48,-1
2020-11-26 20:16,-1
2020-11-26 20:42,-1
2020-11-26 20:53,-1
2020-11-26 20:56,6
2020-11-26 20:58,4
2020-11-26 22:29,-1
2020-11-27 02:53,12
2020-11-27 03:49,-1
2020-11-27 04:06,1
2020-11-27 04:11,-1
2020-11-27 13:36,1
2020-11-27 13:36,7
2020-11-27 13:36,7
2020-11-27 13:36,17
2020-11-27 14:36,-1
2020-11-27 14:58,7
2020-11-27 15:03,-1
2020-11-27 15:28,4
2020-11-27 15:31,6
2020-11-27 15:45,1
2020-11-27 15:56,7
2020-11-27 17:48,-1
2020-11-27 19:35,7
2020-11-27 23:55,-1
2020-11-28 00:13,-1
2020-11-28 02:57,-1
2020-11-28 05:09,7
2020-11-28 15:49,4
2020-11-28 18:35,-1
2020-11-28 19:48,1
2020-11-28 20:00,7
2020-11-28 20:10,5
2020-11-28 20:49,7
2020-11-29 00:43,-1
2020-11-29 14:00,-1
2020-11-29 16:23,-1
2020-11-29 16:24,-1
2020-11-29 16:24,-1
2020-11-29 16:24,-1
2020-11-30 00:34,7
2020-11-30 01:05,7
2020-11-30 01:14,6
2020-11-30 01:25,1
2020-11-30 02:55,-1
2020-11-30 03:00,5
2020-11-30 03:05,7
2020-11-30 13:41,-1
2020-11-30 13:59,18
2020-11-30 13:59,18
2020-11-30 14:46,9
2020-11-30 17:12,7
2020-11-30 17:34,7
2020-11-30 23:39,-1
2020-11-30 23:40,-1
2020-11-30 23:46,7
2020-11-30 23:49,7
2020-12-01 03:13,7
2020-12-01 03:32,-1
2020-12-01 03:33,7
2020-12-01 03:37,-1
2020-12-01 05:03,7
2020-12-01 13:48,6
2020-12-01 13:53,7
2020-12-01 13:56,6
2020-12-01 13:59,5
2020-12-01 14:03,18
2020-12-01 14:19,-1
2020-12-01 14:29,-1
2020-12-01 14:29,-1
2020-12-01 14:29,-1
2020-12-01 18:51,-1
2020-12-01 18:51,-1
2020-12-01 18:51,-1
2020-12-01 18:51,-1
2020-12-01 18:52,-1
2020-12-01 18:52,-1
2020-12-01 18:52,-1
2020-12-01 18:52,-1
2020-12-01 18:52,-1
2020-12-01 19:31,7
2020-12-01 19:34,7
2020-12-01 19:40,-1
2020-12-01 20:39,-1
2020-12-01 20:39,-1
2020-12-01 20:49,2
2020-12-01 21:28,-1
2020-12-01 21:38,-1
2020-12-01 23:55,-1
2020-12-02 02:45,-1
2020-12-02 02:45,-1
2020-12-02 03:00,1
2020-12-02 03:27,18
2020-12-02 03:40,-1
2020-12-02 04:07,1
2020-12-02 04:18,-1
2020-12-02 04:31,-1
2020-12-02 05:07,-1
2020-12-02 05:07,-1
2020-12-02 15:19,7
2020-12-02 15:38,6
2020-12-02 16:09,-1
2020-12-02 16:09,-1
2020-12-02 16:34,18
2020-12-02 20:56,4
2020-12-02 23:32,-1
2020-12-02 23:43,7
2020-12-03 01:07,-1
2020-12-03 02:41,-1
2020-12-03 02:42,-1
2020-12-03 02:43,-1
2020-12-03 02:44,-1
2020-12-03 02:45,-1
2020-12-03 04:21,-1
2020-12-03 15:17,-1
2020-12-03 15:31,18
2020-12-03 16:09,7
2020-12-03 16:25,5
2020-12-03 19:01,18
2020-12-03 20:21,-1
2020-12-03 20:50,-1
2020-12-03 21:11,7
2020-12-03 21:32,7
2020-12-03 21:57,7
2020-12-04 01:15,18
2020-12-04 01:28,18
2020-12-04 04:09,18
2020-12-04 04:37,-1
2020-12-04 05:57,-1
2020-12-04 13:05,5
2020-12-04 13:14,7
2020-12-04 13:53,-1
2020-12-04 13:54,-1
2020-12-04 13:55,7
2020-12-04 13:56,-1
2020-12-04 19:54,-1
2020-12-04 22:41,8
2020-12-04 22:42,7
2020-12-04 22:49,-1
2020-12-04 22:55,-1
2020-12-04 23:23,5
2020-12-05 01:25,-1
2020-12-05 02:43,-1
2020-12-05 02:44,-1
2020-12-05 03:05,-1
2020-12-05 03:05,-1
2020-12-05 16:32,5
2020-12-05 17:02,18
2020-12-05 17:54,1
2020-12-05 21:35,18
2020-12-05 22:04,5
2020-12-05 22:33,18
2020-12-05 22:33,-1
2020-12-06 02:11,-1
2020-12-06 02:22,-1
2020-12-06 02:24,-1
2020-12-06 02:24,-1
2020-12-06 02:38,7
2020-12-06 02:40,-1
2020-12-06 02:42,-1
2020-12-06 06:01,6
2020-12-06 06:02,6
2020-12-06 06:15,-1
2020-12-06 18:49,1
2020-12-06 19:13,7
2020-12-06 19:52,1
2020-12-06 19:55,6
2020-12-06 20:16,-1
2020-12-06 22:31,6
2020-12-06 22:45,-1
2020-12-07 00:01,18
2020-12-07 00:14,1
2020-12-07 01:40,7
2020-12-07 02:01,12
2020-12-07 02:37,-1
2020-12-07 02:37,-1
2020-12-07 02:37,-1
2020-12-07 15:37,18
2020-12-07 16:30,-1
2020-12-07 18:43,-1
2020-12-07 22:05,-1
2020-12-08 00:50,18
2020-12-08 00:57,-1
2020-12-08 01:01,-1
2020-12-08 01:05,-1
2020-12-08 01:36,18
2020-12-08 03:21,18
2020-12-08 03:28,5
2020-12-08 04:13,-1
2020-12-08 05:15,18
2020-12-08 14:36,-1
2020-12-08 14:44,-1
2020-12-08 14:51,7
2020-12-08 17:59,-1
2020-12-08 18:27,-1
2020-12-08 19:00,18
2020-12-08 19:36,-1
2020-12-08 20:15,18
2020-12-08 20:28,-1
2020-12-08 20:29,7
2020-12-08 22:34,-1
2020-12-09 13:39,7
2020-12-09 13:44,7
2020-12-09 14:27,9
2020-12-09 14:34,7
2020-12-09 14:35,7
2020-12-09 14:42,8
2020-12-09 14:59,-1
2020-12-09 15:17,7
2020-12-09 15:19,-1
2020-12-09 15:34,6
2020-12-09 17:54,7
2020-12-09 18:05,7
2020-12-09 23:15,7
2020-12-10 01:25,7
2020-12-10 01:37,-1
2020-12-10 14:19,-1
2020-12-10 14:24,7
2020-12-10 14:26,7
2020-12-10 14:29,18
2020-12-10 14:31,-1
2020-12-10 14:33,18
2020-12-10 14:33,0
2020-12-10 14:37,7
2020-12-10 15:12,7
2020-12-10 16:09,13
2020-12-10 16:10,13
2020-12-10 16:10,13
2020-12-10 20:24,-1
2020-12-10 21:23,-1
2020-12-11 00:34,6
2020-12-11 00:39,-1
2020-12-11 00:40,7
2020-12-11 01:07,4
2020-12-11 02:21,1
2020-12-11 04:16,-1
2020-12-11 04:36,-1
2020-12-11 04:41,-1
2020-12-11 05:14,-1
2020-12-11 05:25,-1
2020-12-11 05:26,-1
2020-12-11 11:49,14
2020-12-11 12:11,9
2020-12-11 12:22,9
2020-12-11 12:26,13
2020-12-11 12:52,3
2020-12-11 13:16,17
2020-12-11 14:15,17
2020-12-11 15:32,9
2020-12-11 20:28,17
2020-12-11 20:28,18
2020-12-11 22:36,18
2020-12-11 23:05,-1
2020-12-11 23:34,-1
2020-12-12 02:32,-1
2020-12-12 04:37,0
2020-12-12 04:37,4
2020-12-12 04:50,17
2020-12-12 05:24,-1
2020-12-12 05:24,7
2020-12-12 05:38,9
2020-12-12 05:46,-1
2020-12-12 12:31,18
2020-12-12 12:58,-1
2020-12-12 13:05,7
2020-12-12 13:19,18
2020-12-12 13:36,-1
2020-12-12 13:41,6
2020-12-12 13:45,12
2020-12-12 13:47,6
2020-12-12 14:53,1
2020-12-12 14:59,6
2020-12-12 16:04,-1
2020-12-12 18:56,-1
2020-12-12 19:23,18
2020-12-13 15:11,-1
2020-12-13 15:35,7
2020-12-13 15:36,7
2020-12-13 15:49,-1
2020-12-13 22:15,7
2020-12-13 22:15,7
2020-12-13 22:16,17
2020-12-13 22:16,2
2020-12-13 22:49,7
2020-12-13 22:49,7
2020-12-13 22:49,7
2020-12-13 23:23,9
2020-12-14 03:25,-1
2020-12-14 03:31,9
2020-12-14 03:39,-1
2020-12-14 04:56,18
2020-12-14 05:03,18
2020-12-14 05:16,6
2020-12-14 13:57,7
2020-12-14 14:24,9
2020-12-14 19:59,7
2020-12-14 22:39,9
2020-12-14 22:39,-1
2020-12-15 05:21,7
2020-12-15 05:30,7
2020-12-15 14:21,7
2020-12-15 14:25,7
2020-12-15 15:41,7
2020-12-15 16:00,-1
2020-12-16 01:05,-1
2020-12-16 04:16,-1
2020-12-16 04:54,7
2020-12-16 05:40,-1
2020-12-16 06:09,7
2020-12-16 12:32,2
2020-12-16 13:21,1
2020-12-16 15:06,1
2020-12-16 18:27,7
2020-12-16 18:33,7
2020-12-16 18:51,7
2020-12-16 19:01,-1
2020-12-16 19:10,-1
2020-12-17 06:14,0
2020-12-17 14:52,9
2020-12-17 14:55,-1
2020-12-17 14:56,6
2020-12-17 15:34,-1
2020-12-17 15:45,7
2020-12-17 23:10,-1
2020-12-18 01:46,-1
2020-12-18 02:23,4
2020-12-18 02:24,-1
2020-12-18 02:28,7
2020-12-18 03:04,0
2020-12-18 03:13,17
2020-12-18 12:37,9
2020-12-18 12:43,9
2020-12-18 12:58,0
2020-12-18 13:45,3
2020-12-18 14:14,-1
2020-12-18 14:16,1
2020-12-18 14:19,18
2020-12-18 15:17,18
2020-12-18 16:30,9
2020-12-18 17:59,-1
2020-12-19 00:47,9
2020-12-19 06:42,7
2020-12-19 14:18,-1
2020-12-19 14:41,-1
2020-12-19 16:30,0
2020-12-19 16:30,9
2020-12-19 18:24,-1
2020-12-19 18:50,-1
2020-12-19 19:09,4
2020-12-19 19:19,9
2020-12-19 19:23,9
2020-12-19 19:38,-1
2020-12-19 19:59,12
2020-12-19 20:01,-1
2020-12-19 20:27,-1
2020-12-19 20:35,-1
2020-12-20 01:18,7
2020-12-20 04:38,-1
2020-12-20 04:39,-1
2020-12-20 04:53,18
2020-12-20 05:04,-1
2020-12-20 05:06,1
2020-12-20 05:18,15
2020-12-20 05:26,7
2020-12-20 16:30,6
2020-12-20 16:52,6
2020-12-20 17:51,-1
2020-12-20 19:23,-1
2020-12-21 11:51,9
2020-12-21 12:24,7
2020-12-21 15:30,18
2020-12-21 15:30,18
2020-12-21 21:48,7
2020-12-21 21:48,7
2020-12-21 21:48,-1
2020-12-21 23:51,17
2020-12-22 14:26,9
2020-12-22 15:29,7
2020-12-23 00:15,-1
2020-12-23 00:54,-1
2020-12-23 01:08,-1
2020-12-23 01:18,12
2020-12-23 02:04,4
2020-12-23 17:08,18
2020-12-23 21:47,16
2020-12-23 21:47,16
2020-12-23 23:16,7
2020-12-24 03:27,-1
2020-12-24 03:28,-1
2020-12-24 13:23,-1
2020-12-24 13:32,-1
2020-12-24 19:03,-1
2020-12-24 20:18,-1
2020-12-24 20:30,9
2020-12-24 20:43,-1
2020-12-24 20:55,7
2020-12-24 20:56,7
2020-12-24 22:59,1
2020-12-24 23:06,-1
2020-12-25 13:32,-1
2020-12-25 19:36,9
2020-12-25 19:38,-1
2020-12-25 19:42,1
2020-12-25 19:53,-1
2020-12-26 00:11,-1
2020-12-26 12:19,-1
2020-12-26 12:44,10
2020-12-26 13:00,-1
2020-12-26 13:14,0
2020-12-26 13:25,-1
2020-12-26 13:34,0
2020-12-26 13:51,7
2020-12-26 14:00,1
2020-12-26 14:10,-1
2020-12-26 16:38,5
2020-12-26 19:02,-1
2020-12-26 23:23,-1
2020-12-26 23:23,-1
2020-12-26 23:23,0
2020-12-26 23:23,7
2020-12-27 02:56,-1
2020-12-27 05:28,0
2020-12-27 05:36,-1
2020-12-27 05:38,-1
2020-12-27 05:40,6
2020-12-27 22:49,18
2020-12-27 22:51,4
2020-12-27 23:21,9
2020-12-28 21:00,7
2020-12-28 21:40,-1
2020-12-29 06:53,-1
2020-12-29 13:45,-1
2020-12-29 13:45,-1
2020-12-29 13:46,9
2020-12-29 13:59,7
2020-12-29 13:59,-1
2020-12-29 13:59,18
2020-12-29 13:59,7
2020-12-29 19:11,-1
2020-12-29 21:42,-1
2020-12-29 22:44,9
2020-12-29 22:55,18
2020-12-30 01:40,-1
2020-12-30 04:44,18
2020-12-30 04:44,16
2020-12-30 05:57,-1
2020-12-30 05:57,7
2020-12-30 05:57,7
2020-12-30 06:49,18
2020-12-30 12:29,-1
2020-12-30 12:29,7
2020-12-30 12:43,9
2020-12-30 13:20,6
2020-12-30 14:26,18
2020-12-30 15:45,18
2020-12-30 19:02,6
2020-12-30 19:05,1
2020-12-30 19:06,4
2020-12-30 19:38,7
2020-12-30 21:27,1
2020-12-30 21:38,18
2020-12-30 21:51,18
2020-12-31 01:13,-1
2020-12-31 18:52,-1
2021-01-01 03:44,8
2021-01-01 03:52,-1
2021-01-01 04:46,-1
2021-01-01 04:46,-1
2021-01-01 13:30,-1
2021-01-01 15:32,-1
2021-01-01 18:40,-1
2021-01-01 19:23,-1
2021-01-01 19:53,-1
2021-01-01 20:10,-1
2021-01-01 20:27,-1
2021-01-01 20:34,6
2021-01-01 20:36,-1
2021-01-01 20:56,-1
2021-01-01 23:27,7
2021-01-01 23:27,7
2021-01-01 23:27,18
2021-01-01 23:38,4
2021-01-01 23:47,2
2021-01-01 23:51,5
2021-01-01 23:53,6
2021-01-01 23:57,-1
2021-01-02 00:10,-1
2021-01-02 00:10,6
2021-01-02 00:27,9
2021-01-02 03:09,-1
2021-01-02 11:38,15
2021-01-02 11:49,-1
2021-01-02 14:12,18
2021-01-02 14:22,-1
2021-01-02 16:20,18
2021-01-02 16:20,18
2021-01-02 22:35,-1
2021-01-02 22:42,-1
2021-01-02 22:45,18
2021-01-02 22:52,4
2021-01-02 23:15,6
2021-01-02 23:17,6
2021-01-03 02:04,-1
2021-01-03 05:09,-1
2021-01-03 05:35,-1
2021-01-03 06:25,-1
2021-01-03 13:05,9
2021-01-03 13:14,9
2021-01-03 13:29,18
2021-01-03 13:57,18
2021-01-03 14:20,18
2021-01-03 15:11,1
2021-01-03 15:25,6
2021-01-03 15:27,4
2021-01-03 17:01,-1
2021-01-03 17:08,-1
2021-01-03 18:24,7
2021-01-03 18:24,-1
2021-01-03 18:45,7
2021-01-03 21:06,-1
2021-01-04 05:02,-1
2021-01-04 05:34,-1
2021-01-04 05:35,-1
2021-01-04 05:35,-1
2021-01-04 05:44,-1
2021-01-04 15:07,7
2021-01-04 15:13,7
2021-01-04 15:23,-1
2021-01-04 15:45,7
2021-01-04 23:36,5
2021-01-05 01:31,-1
2021-01-05 01:45,6
2021-01-05 03:40,-1
2021-01-05 03:55,-1
2021-01-05 03:55,-1
2021-01-05 03:55,-1
2021-01-05 03:55,-1
2021-01-05 14:50,18
2021-01-05 15:02,18
2021-01-05 15:27,4
2021-01-05 16:06,7
2021-01-05 18:18,18
2021-01-05 19:25,18
2021-01-05 22:05,-1
2021-01-05 22:12,-1
2021-01-05 22:25,10
2021-01-05 22:43,5
2021-01-06 02:59,5
2021-01-06 03:28,7
2021-01-06 05:08,18
2021-01-06 05:43,-1
2021-01-06 06:00,7
2021-01-06 13:06,-1
2021-01-06 13:17,7
2021-01-06 13:22,-1
2021-01-06 14:00,7
2021-01-06 14:15,7
2021-01-06 14:16,7
2021-01-06 15:44,7
2021-01-06 18:49,-1
2021-01-06 19:38,-1
2021-01-06 20:13,4
2021-01-08 00:10,-1
2021-01-08 14:46,4
2021-01-08 15:44,4
